mean,median,lower,upper,t,date,variable,predictive_lower,predictive_upper
0.4982634103996717,0.4893603408032704,0.07346683133887749,0.9302442730902488,1,2022-06-01,CARt,NaN,NaN
0.5059132597247074,0.5190205493000168,0.07848676851359433,0.9288242417820893,2,2022-06-02,CARt,NaN,NaN
0.495413093585411,0.49797805568953196,0.06823610002723136,0.9286953752537436,3,2022-06-03,CARt,NaN,NaN
0.4427251789607581,0.4177800828276722,0.08181115042751282,0.8973349752168631,4,2022-06-04,CARt,NaN,NaN
0.5042902032112861,0.4924498677829902,0.07734954331204827,0.9288019758292761,5,2022-06-05,CARt,NaN,NaN
0.5137557343934662,0.5475147849055685,0.07306810394598416,0.9230520413435989,6,2022-06-06,CARt,NaN,NaN
0.5167542855322182,0.47003789004540086,0.0562084989411529,0.923078109275884,7,2022-06-07,CARt,NaN,NaN
0.5226382937757916,0.595089829933095,0.08584232499059394,0.909624884631968,8,2022-06-08,CARt,NaN,NaN
0.47188154193354015,0.49907898813474055,0.07608806997408957,0.9158542856163935,9,2022-06-09,CARt,NaN,NaN
0.4764186143103588,0.41315687151425873,0.07225071289668517,0.9432183694913651,10,2022-06-10,CARt,NaN,NaN
0.5500823727265193,0.5484817862452706,0.08685559112230265,0.913575866509116,11,2022-06-11,CARt,NaN,NaN
0.4859072478781635,0.3834682677603598,0.08256086833251997,0.9376919323989787,12,2022-06-12,CARt,NaN,NaN
0.5103677380618179,0.4414631341738424,0.10717513114596815,0.9058239383843049,13,2022-06-13,CARt,NaN,NaN
0.439350729409636,0.4584026125323982,0.11891922101851495,0.9102092205156253,14,2022-06-14,CARt,NaN,NaN
0.6455484388077983,0.7185456929600582,0.21776605600816762,0.9354336918297771,15,2022-06-15,CARt,NaN,NaN
0.5855758337747903,0.6144007088937254,0.06564620660559481,0.9216410865555222,16,2022-06-16,CARt,NaN,NaN
0.5540623755193944,0.6349034584933482,0.11445887064457655,0.75392105577181,17,2022-06-17,CARt,NaN,NaN
0.6770143288818248,0.766345826671385,0.18400160743415694,0.9254951974225049,18,2022-06-18,CARt,NaN,NaN
0.5838784049612417,0.6446859461469815,0.07553009107086724,0.9050399595161539,19,2022-06-19,CARt,NaN,NaN
0.6074139144017998,0.5536781804580143,0.15126165127864594,0.9469955326159848,20,2022-06-20,CARt,NaN,NaN
0.5963186305103914,0.4648976553997143,0.18622800023669323,0.9134689775202722,21,2022-06-21,CARt,NaN,NaN
0.7418003655070846,0.7302925273251708,0.06286119122186887,0.8855624008960836,22,2022-06-22,CARt,NaN,NaN
0.498753579933988,0.5323588571795544,0.1488477401347033,0.7205509400273016,23,2022-06-23,CARt,NaN,NaN
0.6078603203549032,0.5747502684341398,0.28779156808952316,0.8495927551835525,24,2022-06-24,CARt,NaN,NaN
0.413648173798809,0.4009962966306138,0.16574336049201638,0.8701806989053628,25,2022-06-25,CARt,NaN,NaN
0.6289594887400294,0.613182658476743,0.3932944065761614,0.9011446020765335,26,2022-06-26,CARt,NaN,NaN
0.3973737687434205,0.46521101256183783,0.146445076101058,0.8821365137590662,27,2022-06-27,CARt,NaN,NaN
0.39207895954767563,0.2917656143711046,0.1586898700095501,0.8131969753235357,28,2022-06-28,CARt,NaN,NaN
0.4771214239682431,0.3523653579809341,0.07171744237723333,0.860773514225788,29,2022-06-29,CARt,NaN,NaN
0.17073138114357783,0.1786987923605055,0.14408551220815563,0.2071316126604104,30,2022-06-30,CARt,NaN,NaN
0.17625047738235108,0.18718060013748944,0.13816070594819188,0.2133551106773891,31,2022-07-01,CARt,NaN,NaN
0.17426228229143487,0.17806387265837662,0.14321263968520814,0.19971686610272782,32,2022-07-02,CARt,NaN,NaN
0.1756161319659905,0.17740048772896783,0.14264158329763607,0.20004479027309863,33,2022-07-03,CARt,NaN,NaN
0.17701100196380948,0.17830543215205324,0.1454352011931774,0.1991088623052551,34,2022-07-04,CARt,NaN,NaN
0.182565958877697,0.18054637100567092,0.15095274550550764,0.20579085997295948,35,2022-07-05,CARt,NaN,NaN
0.19101140555222337,0.19405374963437783,0.1606310499936351,0.21552356524870725,36,2022-07-06,CARt,NaN,NaN
0.1940648598570173,0.19328961891710947,0.16653235682789563,0.2179085768809196,37,2022-07-07,CARt,NaN,NaN
0.19930511043669524,0.19993956640353155,0.17067779414354575,0.22482859152560303,38,2022-07-08,CARt,NaN,NaN
0.2022761327216356,0.2053497561475145,0.17317602831745815,0.23428417519911407,39,2022-07-09,CARt,NaN,NaN
0.2041019117314585,0.20443259411478115,0.17475596908077934,0.23147508389005472,40,2022-07-10,CARt,NaN,NaN
0.20469175586762833,0.2034640155836716,0.17638293119314657,0.23154968493233039,41,2022-07-11,CARt,NaN,NaN
0.20823436075646715,0.20808387905621967,0.18028889162460185,0.2329915973916652,42,2022-07-12,CARt,NaN,NaN
0.21368303227592994,0.21387598991819723,0.1855697756468758,0.24003398473511584,43,2022-07-13,CARt,NaN,NaN
0.2175211817932543,0.2166421358144509,0.1898721910381837,0.24408290880720893,44,2022-07-14,CARt,NaN,NaN
0.2175939112779342,0.21681272645759903,0.18920438107300755,0.24570309013845118,45,2022-07-15,CARt,NaN,NaN
0.21581144916106226,0.21525364608509073,0.18490960391193415,0.24486386636531768,46,2022-07-16,CARt,NaN,NaN
0.21617743295807987,0.21607063737177465,0.18550291281705758,0.2457259235651749,47,2022-07-17,CARt,NaN,NaN
0.21851697753141922,0.21853341822873337,0.18736676809894653,0.2505674738702968,48,2022-07-18,CARt,NaN,NaN
0.2230134031599918,0.22236798099053043,0.19217433105370968,0.2527540178262215,49,2022-07-19,CARt,NaN,NaN
0.22764601275319976,0.22713340674202614,0.1947137045498259,0.258519131082398,50,2022-07-20,CARt,NaN,NaN
0.22984523616651265,0.2297143915733322,0.197968332929685,0.2612256514987402,51,2022-07-21,CARt,NaN,NaN
0.2308162403858664,0.23087096746681374,0.20000444427366332,0.2621413258816544,52,2022-07-22,CARt,NaN,NaN
0.23245153678264235,0.2324984096575186,0.20083044184842924,0.26308662567036806,53,2022-07-23,CARt,NaN,NaN
0.23448019364822595,0.23410908825297197,0.20373737715262083,0.2648212152551168,54,2022-07-24,CARt,NaN,NaN
0.23557270256796783,0.23533730753702695,0.2040983401833259,0.2666203706596304,55,2022-07-25,CARt,NaN,NaN
0.23697531282916193,0.2365921768770706,0.20599586916365087,0.270584884140655,56,2022-07-26,CARt,NaN,NaN
0.23834667842850074,0.23802583150095924,0.20607372041898125,0.2691262205106109,57,2022-07-27,CARt,NaN,NaN
0.2418538076561167,0.24127200058152315,0.2104521089427709,0.2730864309931752,58,2022-07-28,CARt,NaN,NaN
0.2407324943970808,0.24018240578697977,0.2095334309248856,0.27411480333638455,59,2022-07-29,CARt,NaN,NaN
0.2399924252046925,0.23958359118987566,0.21079303357935106,0.2746062106665417,60,2022-07-30,CARt,NaN,NaN
0.24045421112657547,0.24011012380655952,0.20963721534433805,0.2727385132685983,61,2022-07-31,CARt,NaN,NaN
0.2403523875768817,0.24098360285933815,0.20837957000662008,0.2725453159508838,62,2022-08-01,CARt,NaN,NaN
0.24056708727419596,0.2401251792398505,0.2102556385608752,0.2755874778876917,63,2022-08-02,CARt,NaN,NaN
0.24257103030623708,0.2420740470133899,0.2118891386160879,0.27711623876761693,64,2022-08-03,CARt,NaN,NaN
0.24408153976171768,0.24439393214095018,0.21236354887835382,0.2811396228156177,65,2022-08-04,CARt,NaN,NaN
0.24499534257050343,0.2442244685139598,0.21292285160312613,0.28122220256469005,66,2022-08-05,CARt,NaN,NaN
0.23994087153501284,0.24003660045655414,0.20965153452377044,0.2762588498375299,67,2022-08-06,CARt,NaN,NaN
0.24121444186682384,0.24070704984868035,0.2103627353527087,0.2783117257215939,68,2022-08-07,CARt,NaN,NaN
0.24353132839739577,0.24290689689592163,0.20967402083435702,0.27980057543447534,69,2022-08-08,CARt,NaN,NaN
0.24328777609150062,0.24302830413474463,0.20783747255763713,0.2779658763039742,70,2022-08-09,CARt,NaN,NaN
0.24357714737243652,0.24373209495902703,0.208635130140101,0.2800093365790482,71,2022-08-10,CARt,NaN,NaN
0.24286088425259936,0.243403701912572,0.20801381980327083,0.2803366281967308,72,2022-08-11,CARt,NaN,NaN
0.2421096742846348,0.24251845540336162,0.20687247202851614,0.27915687200359807,73,2022-08-12,CARt,NaN,NaN
0.24102491851522026,0.2411712814880794,0.20672885321288462,0.2783919295514561,74,2022-08-13,CARt,NaN,NaN
0.24453735908953314,0.2456648877778628,0.2106528137248829,0.28144226253972865,75,2022-08-14,CARt,NaN,NaN
0.24644484174686482,0.2468830380046439,0.2140063028398102,0.2790320484630527,76,2022-08-15,CARt,NaN,NaN
0.25028820839592514,0.25061373859840425,0.21608587049798414,0.28547856196332877,77,2022-08-16,CARt,NaN,NaN
0.2529271115520731,0.2514253560715823,0.2205339172459487,0.2850102674251122,78,2022-08-17,CARt,NaN,NaN
0.2533404601045456,0.2528764796337851,0.2201085112422533,0.288580575418863,79,2022-08-18,CARt,NaN,NaN
0.2512556995744036,0.25055076576182844,0.22165710424382,0.28699455789012174,80,2022-08-19,CARt,NaN,NaN
0.2477092650369954,0.24726669571357138,0.21519625399653147,0.28323981172709245,81,2022-08-20,CARt,NaN,NaN
0.246911296494136,0.246165648269655,0.21712285890304142,0.28211004362111164,82,2022-08-21,CARt,NaN,NaN
0.24540652433685756,0.24494316596053928,0.2149957148651233,0.2821332014317791,83,2022-08-22,CARt,NaN,NaN
0.24243453311271154,0.24198370443281958,0.210855198953099,0.276067576925219,84,2022-08-23,CARt,NaN,NaN
0.23938921495729432,0.23930172910387462,0.209008229384675,0.27283770139779057,85,2022-08-24,CARt,NaN,NaN
0.23713174533199563,0.2368456772729664,0.20683534692452785,0.27013393196532615,86,2022-08-25,CARt,NaN,NaN
0.2336546970755943,0.23325097698194072,0.2022231122210704,0.26799559177655946,87,2022-08-26,CARt,NaN,NaN
0.22798805253058482,0.22703813567603867,0.19249023637275797,0.2608960396370208,88,2022-08-27,CARt,NaN,NaN
0.22677488778993918,0.23110536650096222,0.1932539439083974,0.25581566941819534,89,2022-08-28,CARt,NaN,NaN
0.22710619082669953,0.22586526109814795,0.2007428463362477,0.25482713791114964,90,2022-08-29,CARt,NaN,NaN
0.22774844974751418,0.2168774268306297,0.2000702241498492,0.2572755364068883,91,2022-08-30,CARt,NaN,NaN
0.22692142845524618,0.2161484369572578,0.20159552263230607,0.2645175953497027,92,2022-08-31,CARt,NaN,NaN
0.2294903623540402,0.22254157812376735,0.20510146376043556,0.26307173237225673,93,2022-09-01,CARt,NaN,NaN
0.22818496600854152,0.22410866799492052,0.209909973453852,0.2521520503805807,94,2022-09-02,CARt,NaN,NaN
0.22382870895430454,0.21676407504700293,0.20233483836626914,0.26030871654338816,95,2022-09-03,CARt,NaN,NaN
0.22790163205263733,0.2245826034188869,0.19892268741378846,0.26209990755690293,96,2022-09-04,CARt,NaN,NaN
0.22971149005786196,0.2279309052187919,0.20077588754692854,0.2631023274583662,97,2022-09-05,CARt,NaN,NaN
0.23191817281655144,0.23242050691483676,0.20342732411451148,0.2590344616562731,98,2022-09-06,CARt,NaN,NaN
0.23301367997072478,0.2390249384618747,0.1952995890828314,0.24955649318363016,99,2022-09-07,CARt,NaN,NaN
0.22892407687057803,0.23311250263090177,0.2050732490003366,0.2437653093487831,100,2022-09-08,CARt,NaN,NaN
0.22719929973682404,0.2313389268594005,0.19421030690068133,0.23842061271240084,101,2022-09-09,CARt,NaN,NaN
0.2191609476110006,0.21877249267691828,0.1972709979265919,0.2315513109379329,102,2022-09-10,CARt,NaN,NaN
0.2256373125372727,0.23269331110321867,0.20135883461254156,0.23269331110321867,103,2022-09-11,CARt,NaN,NaN
0.22740062012377485,0.2320215950616934,0.20420402143008123,0.23586202235496256,104,2022-09-12,CARt,NaN,NaN
0.21526291952876556,0.215818970689113,0.19623145209940568,0.23264131203238048,105,2022-09-13,CARt,NaN,NaN
0.21568971141788162,0.2206254550425146,0.18406237693949432,0.2239138591359668,106,2022-09-14,CARt,NaN,NaN
0.21074780199689258,0.21399644172662105,0.18492707403203032,0.2195111602215291,107,2022-09-15,CARt,NaN,NaN
0.20538524383106124,0.2067381793225761,0.1749004803835522,0.2260139531169289,108,2022-09-16,CARt,NaN,NaN
0.20713655734085668,0.2138536895111629,0.1730159366265673,0.22275373329642303,109,2022-09-17,CARt,NaN,NaN
0.20859248235647582,0.21257308085431253,0.1784364115902653,0.229105128360795,110,2022-09-18,CARt,NaN,NaN
0.2188760963589936,0.22808651138018662,0.18022127036783417,0.2376700800933935,111,2022-09-19,CARt,NaN,NaN
0.22043705998754232,0.22854428387504522,0.18084939442698525,0.23734609574171575,112,2022-09-20,CARt,NaN,NaN
0.22511646333516386,0.2354220340116823,0.18026402286915394,0.2381146995357543,113,2022-09-21,CARt,NaN,NaN
0.22200721838003337,0.22976752093578587,0.18163672172988812,0.23794985210840566,114,2022-09-22,CARt,NaN,NaN
0.21780294254336735,0.22943097101438137,0.16503371454992377,0.23232987884837542,115,2022-09-23,CARt,NaN,NaN
0.20757304739199203,0.21640876778267581,0.16056207244567486,0.22529623089861442,116,2022-09-24,CARt,NaN,NaN
0.1983911503070723,0.20721481384601254,0.14849855713329013,0.2239891645691196,117,2022-09-25,CARt,NaN,NaN
0.19956327965200038,0.21085200417597352,0.1502423896242642,0.21765988685799303,118,2022-09-26,CARt,NaN,NaN
0.21087206919702103,0.22269233361983076,0.15535767227008732,0.22269233361983076,119,2022-09-27,CARt,NaN,NaN
0.21581386489241697,0.22278599589663073,0.16016816838500286,0.24239393117125896,120,2022-09-28,CARt,NaN,NaN
0.21936186876242456,0.22512389122314586,0.16159550863963018,0.24990965638340032,121,2022-09-29,CARt,NaN,NaN
0.21987641560944918,0.224880487239326,0.16049925222474656,0.25438444091650564,122,2022-09-30,CARt,NaN,NaN
1.4741824919709086,1.4610060962678046,0.08438577007257864,2.9156876233957396,1,2022-06-01,Rt,NaN,NaN
1.476178953405428,1.4400627769833942,0.058623044424290005,2.953808075438269,2,2022-06-02,Rt,NaN,NaN
1.4628113169282644,1.4548466998048508,0.07201777438618662,2.923351516509829,3,2022-06-03,Rt,NaN,NaN
1.3013095196049973,1.2644819908301748,0.02274653399210047,2.9093948215503143,4,2022-06-04,Rt,NaN,NaN
1.268845569147587,1.1816007609352517,0.07402952236350302,2.79000193937475,5,2022-06-05,Rt,NaN,NaN
1.7561078152291842,1.7989745032144353,0.20880389558163093,2.9852898342273164,6,2022-06-06,Rt,NaN,NaN
1.4125869087013523,1.4158250488061883,0.16179776600917617,2.9085305982342673,7,2022-06-07,Rt,NaN,NaN
1.490978390021675,1.7120769950861332,0.05355523741789181,2.9336268200341915,8,2022-06-08,Rt,NaN,NaN
1.4051151655693195,1.3857871691770398,0.001393262726144373,2.9270793611052004,9,2022-06-09,Rt,NaN,NaN
1.3600610474263353,1.3264941529562546,0.03539626963249387,2.9466078989701527,10,2022-06-10,Rt,NaN,NaN
1.548897941067525,1.5648996110765183,0.14518670586722437,2.7532581940829792,11,2022-06-11,Rt,NaN,NaN
1.2882969985415165,1.251628854828192,0.09997457724799175,2.7917383692476063,12,2022-06-12,Rt,NaN,NaN
1.7801113909165547,2.048824826963493,0.5641091915551605,2.9369577967600766,13,2022-06-13,Rt,NaN,NaN
1.4066643895287738,1.480843964380428,0.4558721140617089,2.45242996880786,14,2022-06-14,Rt,NaN,NaN
2.2377800177952527,2.6820602478145883,0.7735796899562536,2.740216482397164,15,2022-06-15,Rt,NaN,NaN
1.244091778934982,0.8045494177363687,0.29110613363443294,2.8802957023631657,16,2022-06-16,Rt,NaN,NaN
0.8786217688589095,0.6614088353331918,0.08946018636527342,2.701804545155387,17,2022-06-17,Rt,NaN,NaN
0.9456776399991137,0.48801459253842083,0.05828604331948961,2.6985373522238896,18,2022-06-18,Rt,NaN,NaN
1.767005387032642,2.069643755797803,0.1115942879668026,2.914623709885064,19,2022-06-19,Rt,NaN,NaN
0.9807270052991546,0.37105351970451894,0.16022754037282427,2.8385527445208996,20,2022-06-20,Rt,NaN,NaN
2.135523732843191,2.801177098065935,0.04960167482778466,2.9441987087513404,21,2022-06-21,Rt,NaN,NaN
1.589995274913376,1.503170087225483,0.278105872302042,2.9143563647707467,22,2022-06-22,Rt,NaN,NaN
2.4789880397238098,2.751882226412002,0.7877223123353305,2.9967122284645225,23,2022-06-23,Rt,NaN,NaN
1.4429134913032813,1.9183114051875974,0.1819252399342346,2.491910806538894,24,2022-06-24,Rt,NaN,NaN
1.8812747554129257,1.8463224972928507,0.08657698865690777,2.9712839095559103,25,2022-06-25,Rt,NaN,NaN
1.7824309465416062,1.8808280145387712,0.4497541660807258,2.3131323679656237,26,2022-06-26,Rt,NaN,NaN
1.0416674570743105,0.8727514169433581,0.06264510235177079,2.5788333276165596,27,2022-06-27,Rt,NaN,NaN
1.8095865214795968,2.2792716475657855,0.21540420841773322,2.594493639881886,28,2022-06-28,Rt,NaN,NaN
1.324293165548026,1.0521885543170926,0.8536826369106436,2.6693312152609536,29,2022-06-29,Rt,NaN,NaN
1.0594507723064264,1.1419642415146778,0.8296565127369413,1.2185579809516902,30,2022-06-30,Rt,NaN,NaN
1.0515057035065745,1.1200708357796334,0.8455512751061554,1.2153865443325933,31,2022-07-01,Rt,NaN,NaN
1.0428629037894739,1.0682463743584418,0.9002455743431009,1.1624123800031088,32,2022-07-02,Rt,NaN,NaN
1.0313986307910363,1.0396116461532678,0.8995697592806848,1.1545145886552728,33,2022-07-03,Rt,NaN,NaN
1.0172549379613216,1.0221888210693346,0.9213816885394661,1.1249877500160654,34,2022-07-04,Rt,NaN,NaN
1.0044734207937067,1.0031522110004152,0.9115218420168096,1.1271291951359839,35,2022-07-05,Rt,NaN,NaN
0.9948762482158423,0.996021155811195,0.906300619787695,1.0849219528354044,36,2022-07-06,Rt,NaN,NaN
0.9842415756423198,0.979251186454613,0.880272069071227,1.080745343234959,37,2022-07-07,Rt,NaN,NaN
0.9694107220239483,0.962939801447984,0.8801814892750374,1.0410360039125957,38,2022-07-08,Rt,NaN,NaN
0.942093772014564,0.9453334419614984,0.8594352399934889,1.0219328254305504,39,2022-07-09,Rt,NaN,NaN
0.9256993542566334,0.9200075332005411,0.8453722991068245,1.0148926893472396,40,2022-07-10,Rt,NaN,NaN
0.9124812234642334,0.9068058015849776,0.8474464568874551,0.9987674423644622,41,2022-07-11,Rt,NaN,NaN
0.9064289958863281,0.9012718703522243,0.8397003392342086,0.9975561518818222,42,2022-07-12,Rt,NaN,NaN
0.9052787614180037,0.9016887940562972,0.8360781603385307,0.9848947789321645,43,2022-07-13,Rt,NaN,NaN
0.9058949493930635,0.9064873412571067,0.8341922560889221,0.985135229526681,44,2022-07-14,Rt,NaN,NaN
0.9101896932752143,0.9097345430710997,0.8321945845516137,0.9900135328478804,45,2022-07-15,Rt,NaN,NaN
0.9163181301855995,0.9144595512595826,0.8441351641748598,0.9910089512483252,46,2022-07-16,Rt,NaN,NaN
0.9183230098042812,0.9176459079688011,0.8339055725545728,0.994967773397013,47,2022-07-17,Rt,NaN,NaN
0.9160943287608776,0.9143714809812166,0.8409660268837408,0.994682173586782,48,2022-07-18,Rt,NaN,NaN
0.9110767067607536,0.9088870507114528,0.8351618123970621,0.9934018571793475,49,2022-07-19,Rt,NaN,NaN
0.9037697568041292,0.902461743443448,0.8300345624086162,0.9837016452584464,50,2022-07-20,Rt,NaN,NaN
0.8969087938594288,0.8945405137955389,0.8247735881569696,0.9754820697877933,51,2022-07-21,Rt,NaN,NaN
0.8878335836684232,0.8888920606950845,0.8106642438022506,0.961806254650609,52,2022-07-22,Rt,NaN,NaN
0.8785841179013261,0.8773982399323315,0.8115555284181241,0.9497930165689675,53,2022-07-23,Rt,NaN,NaN
0.8722297926393024,0.8724541097150015,0.80600901478966,0.9440425815725075,54,2022-07-24,Rt,NaN,NaN
0.8669415033245303,0.8661037756983521,0.7984816590058845,0.9390051268395853,55,2022-07-25,Rt,NaN,NaN
0.8641575432768737,0.8627186441423437,0.7921468492082823,0.9387669692472568,56,2022-07-26,Rt,NaN,NaN
0.8602959135898026,0.8597164372850432,0.793145209729646,0.933646064737132,57,2022-07-27,Rt,NaN,NaN
0.8622476647972199,0.8601295682095188,0.7877656704098868,0.9439913602430312,58,2022-07-28,Rt,NaN,NaN
0.8656603588275527,0.8670608275148323,0.7852868865938849,0.9362627034975096,59,2022-07-29,Rt,NaN,NaN
0.868283675554334,0.8676452195172519,0.7923332573112688,0.9429411201594172,60,2022-07-30,Rt,NaN,NaN
0.8733397169646024,0.8735360888921899,0.80277349282772,0.9513487704855943,61,2022-07-31,Rt,NaN,NaN
0.8777489943061942,0.8767083755659317,0.8063342755766476,0.9479404901538644,62,2022-08-01,Rt,NaN,NaN
0.8828670460049598,0.8826163617488478,0.8072950064889363,0.9507010893738297,63,2022-08-02,Rt,NaN,NaN
0.8854497354718484,0.886367902313523,0.8122701222101038,0.9560083366198355,64,2022-08-03,Rt,NaN,NaN
0.8894626035849827,0.8911628731902402,0.8152079273463663,0.9629300086059956,65,2022-08-04,Rt,NaN,NaN
0.896874387287571,0.8970918718178698,0.8201926424762236,0.9681335908852934,66,2022-08-05,Rt,NaN,NaN
0.9047525239585452,0.9020376234173819,0.8342743598322938,0.9900652043999,67,2022-08-06,Rt,NaN,NaN
0.9085241472669806,0.9055497355005176,0.8401577766317508,0.98306648121675,68,2022-08-07,Rt,NaN,NaN
0.9120448756079472,0.9132126719018295,0.8427199316261891,0.9905050870625671,69,2022-08-08,Rt,NaN,NaN
0.9169751253025397,0.916354543672636,0.848431223312198,0.9910526197277442,70,2022-08-09,Rt,NaN,NaN
0.9202865303376032,0.9203431659864172,0.8465412071905268,0.9976232968309524,71,2022-08-10,Rt,NaN,NaN
0.9208373347739192,0.9201851332520223,0.8462962908076506,1.001492760701877,72,2022-08-11,Rt,NaN,NaN
0.9148010786718743,0.9130715965647236,0.847256958999149,0.9885468523562636,73,2022-08-12,Rt,NaN,NaN
0.9108557539011081,0.9092741308277704,0.8380147537676137,0.9973350085606711,74,2022-08-13,Rt,NaN,NaN
0.8979622923084277,0.8952205666792243,0.823999123096807,0.9800920955522617,75,2022-08-14,Rt,NaN,NaN
0.8821372095114691,0.8827382895619772,0.8045427497872917,0.971860017997463,76,2022-08-15,Rt,NaN,NaN
0.8636478578753092,0.8616439627442352,0.7961517398510407,0.9505956051862996,77,2022-08-16,Rt,NaN,NaN
0.8495028234093698,0.8504861271255818,0.7745643487209175,0.9241185932166814,78,2022-08-17,Rt,NaN,NaN
0.8418024385399294,0.8388219848011923,0.7763784904405774,0.9152898191671666,79,2022-08-18,Rt,NaN,NaN
0.8344911306352506,0.8332304953066075,0.7673802007459276,0.9140077840804905,80,2022-08-19,Rt,NaN,NaN
0.8292055222535922,0.8260251375866949,0.7608489540909156,0.9073428802779981,81,2022-08-20,Rt,NaN,NaN
0.8310408547236613,0.8319798595341571,0.7636424281217695,0.9047848940114745,82,2022-08-21,Rt,NaN,NaN
0.8367348967896242,0.8355909545098816,0.7711938816758004,0.9189169656535986,83,2022-08-22,Rt,NaN,NaN
0.8454351010327974,0.8401235077999335,0.7836557802928832,0.9160079430522623,84,2022-08-23,Rt,NaN,NaN
0.8605075553551239,0.8592321368473497,0.7946863363377931,0.9298520370158414,85,2022-08-24,Rt,NaN,NaN
0.8745776296782086,0.8740670611829607,0.8025202211661265,0.9378097832411496,86,2022-08-25,Rt,NaN,NaN
0.8907858329425868,0.8916386625549811,0.8172589541882481,0.9601280951883345,87,2022-08-26,Rt,NaN,NaN
0.8998334087476131,0.8997658183480411,0.8292749426753433,0.9766629551578512,88,2022-08-27,Rt,NaN,NaN
0.9015627218033789,0.894211315532865,0.8588709330638733,0.9812973538154967,89,2022-08-28,Rt,NaN,NaN
0.9017667220658708,0.891250314255778,0.8464608656240165,1.0039867398646503,90,2022-08-29,Rt,NaN,NaN
0.8968614066832375,0.8862647760624227,0.8708099959081304,0.9505119454055958,91,2022-08-30,Rt,NaN,NaN
0.8859876058353746,0.8628886617391963,0.8628886617391963,0.9367334253946473,92,2022-08-31,Rt,NaN,NaN
0.9049405626075211,0.8757802731329677,0.8757802731329677,0.9858821151036745,93,2022-09-01,Rt,NaN,NaN
0.9393468711634005,0.9286038712365305,0.9057034778899515,1.0033773887456834,94,2022-09-02,Rt,NaN,NaN
0.9855902314096227,0.9875024981034743,0.9163249483147309,1.0298997559625704,95,2022-09-03,Rt,NaN,NaN
0.9833365325077582,0.9746742939738232,0.9117244060462311,1.0396828313728317,96,2022-09-04,Rt,NaN,NaN
0.959356567748147,0.924732100140261,0.924732100140261,1.0363362647264123,97,2022-09-05,Rt,NaN,NaN
0.9489642419779684,0.905857695315162,0.905857695315162,1.0699372257858513,98,2022-09-06,Rt,NaN,NaN
0.9556915979933066,0.9341192783346373,0.9294968810192012,1.0229261980866673,99,2022-09-07,Rt,NaN,NaN
0.9731527891985414,0.9660583712989342,0.9349242723948428,1.0113736665609077,100,2022-09-08,Rt,NaN,NaN
0.9601134864371872,0.9574185897115671,0.9034539496746065,1.0010399912234826,101,2022-09-09,Rt,NaN,NaN
0.9573682964285481,0.9578286418738433,0.8993095747627895,1.050624470590291,102,2022-09-10,Rt,NaN,NaN
0.9611240692694049,0.9709696155459445,0.9009461328663881,1.0019694413546623,103,2022-09-11,Rt,NaN,NaN
0.9766461981342331,0.9886120387436086,0.9262613227941041,0.9903920629536909,104,2022-09-12,Rt,NaN,NaN
0.9660672349711363,0.9587968627295951,0.9115606403972927,1.008833362881844,105,2022-09-13,Rt,NaN,NaN
0.9568441125223419,0.9377117917735409,0.9297832216480177,1.0757719871542912,106,2022-09-14,Rt,NaN,NaN
1.0012792373982333,1.0024667174240443,0.9428851985052539,1.0928224323058886,107,2022-09-15,Rt,NaN,NaN
1.0234746007670719,1.0365699117669804,0.8964169845829937,1.1334716949564656,108,2022-09-16,Rt,NaN,NaN
1.0147399289960712,1.0047234111357137,0.9442971515231993,1.1298571780493434,109,2022-09-17,Rt,NaN,NaN
1.0127090704144608,1.0052739322262418,0.945581458313855,1.107614480571206,110,2022-09-18,Rt,NaN,NaN
1.0300138984562808,1.0397486731734207,0.9510876208183489,1.0600344717399517,111,2022-09-19,Rt,NaN,NaN
1.0433159308939206,1.0461896952400356,0.9341730377775805,1.094384939431465,112,2022-09-20,Rt,NaN,NaN
1.0666004717545579,1.0872397810491679,0.9655761106792357,1.087684037412141,113,2022-09-21,Rt,NaN,NaN
1.0501100390910636,1.0572544090991263,0.977950503254217,1.083652206963432,114,2022-09-22,Rt,NaN,NaN
1.05168944229133,1.0507975901016517,0.9808021230121688,1.086846575623533,115,2022-09-23,Rt,NaN,NaN
1.0442921019922726,1.0132770922198187,1.0044690124651428,1.1730563733669843,116,2022-09-24,Rt,NaN,NaN
1.048355557527245,1.0159635940807468,1.0110001845576755,1.2021405863483154,117,2022-09-25,Rt,NaN,NaN
1.0734955363208127,1.0752398978257411,1.0158353968402736,1.1752595327813373,118,2022-09-26,Rt,NaN,NaN
1.0768394624600186,1.0662378295336938,1.020378735464908,1.2216217931564073,119,2022-09-27,Rt,NaN,NaN
1.0784232125059747,1.0745148019894422,0.9693537756226122,1.2189229344869226,120,2022-09-28,Rt,NaN,NaN
1.0785159459075724,1.0750737430205337,0.941677167014459,1.23354850836365,121,2022-09-29,Rt,NaN,NaN
1.078623122432144,1.0756121851439628,0.9220596895352661,1.2536051144978588,122,2022-09-30,Rt,NaN,NaN
75408.99977,75431.0,11219.0,136179.0,1,2022-06-01,It,NaN,NaN
65722.5968,65201.0,9307.0,123074.0,2,2022-06-02,It,NaN,NaN
76887.62144,76066.5,10397.0,140758.0,3,2022-06-03,It,NaN,NaN
73782.06859,82338.0,11971.0,121968.0,4,2022-06-04,It,NaN,NaN
58556.78546,60304.0,11513.0,106176.0,5,2022-06-05,It,NaN,NaN
48710.75182,43150.0,9765.0,98284.0,6,2022-06-06,It,NaN,NaN
68297.44216,56331.0,12802.0,120799.0,7,2022-06-07,It,NaN,NaN
75516.08245,81927.0,13792.0,140092.0,8,2022-06-08,It,NaN,NaN
60974.57588,55507.0,9441.0,118532.0,9,2022-06-09,It,NaN,NaN
61620.88597,62329.0,9634.0,111499.0,10,2022-06-10,It,NaN,NaN
74202.4426,78594.0,12249.0,124273.0,11,2022-06-11,It,NaN,NaN
59921.42415,62113.0,12361.0,108503.0,12,2022-06-12,It,NaN,NaN
33530.8364,29432.0,5958.0,106659.0,13,2022-06-13,It,NaN,NaN
37572.27333,28465.0,5372.0,67993.0,14,2022-06-14,It,NaN,NaN
50804.20674,54532.0,12986.0,87290.0,15,2022-06-15,It,NaN,NaN
44556.36644,32622.0,20333.0,73110.0,16,2022-06-16,It,NaN,NaN
71224.09805,75374.0,32866.0,96982.0,17,2022-06-17,It,NaN,NaN
51807.20332,55096.0,7259.0,91493.0,18,2022-06-18,It,NaN,NaN
38407.23873,53891.0,6535.0,82076.0,19,2022-06-19,It,NaN,NaN
53302.53962,63889.0,6516.0,89350.0,20,2022-06-20,It,NaN,NaN
56042.94997,63951.0,10326.0,85887.0,21,2022-06-21,It,NaN,NaN
30395.84838,16944.0,15979.0,80227.0,22,2022-06-22,It,NaN,NaN
38296.03761,52988.0,9492.0,73055.0,23,2022-06-23,It,NaN,NaN
24260.09523,17227.0,8730.0,70193.0,24,2022-06-24,It,NaN,NaN
33958.82637,33384.0,8803.0,56291.0,25,2022-06-25,It,NaN,NaN
65769.6927,60975.0,8243.0,123963.0,26,2022-06-26,It,NaN,NaN
22697.33321,11123.0,10238.0,60357.0,27,2022-06-27,It,NaN,NaN
39147.32612,43893.0,7407.0,101500.0,28,2022-06-28,It,NaN,NaN
56266.15805,61587.0,18311.0,103201.0,29,2022-06-29,It,NaN,NaN
59762.40351,40611.0,27912.0,118461.0,30,2022-06-30,It,NaN,NaN
45059.56446,47066.0,37082.0,57670.0,31,2022-07-01,It,NaN,NaN
51132.44292,51399.0,46702.0,60087.0,32,2022-07-02,It,NaN,NaN
52307.98056,50118.0,48092.0,62921.0,33,2022-07-03,It,NaN,NaN
51373.61525,49828.0,44006.0,61287.0,34,2022-07-04,It,NaN,NaN
51012.51836,50505.0,43103.0,59439.0,35,2022-07-05,It,NaN,NaN
50901.7384,51075.0,42483.0,58918.0,36,2022-07-06,It,NaN,NaN
50426.91029,50553.0,44722.0,58406.0,37,2022-07-07,It,NaN,NaN
49578.32295,49772.0,44040.0,55889.0,38,2022-07-08,It,NaN,NaN
47998.06137,47985.0,39479.0,55490.0,39,2022-07-09,It,NaN,NaN
46610.15891,46874.0,39753.0,53564.0,40,2022-07-10,It,NaN,NaN
45052.44381,44986.0,39517.0,52080.0,41,2022-07-11,It,NaN,NaN
43690.47092,43340.0,37216.0,51238.0,42,2022-07-12,It,NaN,NaN
42409.14872,42026.0,36287.0,49777.0,43,2022-07-13,It,NaN,NaN
41192.63069,41031.0,35920.0,48320.0,44,2022-07-14,It,NaN,NaN
40066.4903,39815.0,34664.0,46925.0,45,2022-07-15,It,NaN,NaN
39209.63244,38903.0,34153.0,45756.0,46,2022-07-16,It,NaN,NaN
38144.36742,37894.0,33146.0,44807.0,47,2022-07-17,It,NaN,NaN
36894.442,36733.0,31941.0,43046.0,48,2022-07-18,It,NaN,NaN
35687.75697,35421.0,30805.0,41457.0,49,2022-07-19,It,NaN,NaN
34415.01239,34211.0,30153.0,39920.0,50,2022-07-20,It,NaN,NaN
33301.64267,33106.0,29032.0,38695.0,51,2022-07-21,It,NaN,NaN
31955.63598,31798.0,27552.0,36820.0,52,2022-07-22,It,NaN,NaN
30534.22747,30223.0,26578.0,35486.0,53,2022-07-23,It,NaN,NaN
29183.67771,29026.0,25097.0,33850.0,54,2022-07-24,It,NaN,NaN
27821.01233,27654.0,24008.0,32057.0,55,2022-07-25,It,NaN,NaN
26615.89627,26434.0,22961.0,30895.0,56,2022-07-26,It,NaN,NaN
25324.71403,25254.0,21708.0,29451.0,57,2022-07-27,It,NaN,NaN
24292.93174,24282.0,20641.0,28245.0,58,2022-07-28,It,NaN,NaN
23294.91166,23192.0,19627.0,26995.0,59,2022-07-29,It,NaN,NaN
22326.32465,22236.0,18951.0,26057.0,60,2022-07-30,It,NaN,NaN
21513.44417,21440.0,18264.625,24929.0,61,2022-07-31,It,NaN,NaN
20706.43987,20602.0,17765.0,24048.0,62,2022-08-01,It,NaN,NaN
20012.03494,19967.0,17234.0,23248.0,63,2022-08-02,It,NaN,NaN
19291.11019,19266.0,16201.0,22440.0,64,2022-08-03,It,NaN,NaN
18668.68344,18606.0,15688.0,21688.0,65,2022-08-04,It,NaN,NaN
18147.06028,18108.0,15033.0,21202.0,66,2022-08-05,It,NaN,NaN
18103.59095,17987.0,15261.0,21019.0,67,2022-08-06,It,NaN,NaN
17562.5644,17482.0,14816.0,20598.0,68,2022-08-07,It,NaN,NaN
17014.75504,16962.0,14253.0,19943.0,69,2022-08-08,It,NaN,NaN
16581.95664,16507.0,14092.0,19289.0,70,2022-08-09,It,NaN,NaN
16134.54773,16070.0,13986.0,18938.0,71,2022-08-10,It,NaN,NaN
15748.58916,15589.0,13591.0,18336.0,72,2022-08-11,It,NaN,NaN
15255.73094,15171.0,13330.0,17740.0,73,2022-08-12,It,NaN,NaN
14991.68337,14920.0,12785.0,17518.0,74,2022-08-13,It,NaN,NaN
14412.82268,14386.0,12454.0,16680.0,75,2022-08-14,It,NaN,NaN
13859.78379,13853.0,11957.0,15905.0,76,2022-08-15,It,NaN,NaN
13120.91184,13103.0,11358.0,15085.0,77,2022-08-16,It,NaN,NaN
12465.66437,12405.0,10603.0,14350.0,78,2022-08-17,It,NaN,NaN
11821.64218,11824.0,10115.0,13588.0,79,2022-08-18,It,NaN,NaN
11152.75601,11100.0,9527.0,12923.0,80,2022-08-19,It,NaN,NaN
10512.72022,10458.0,9041.0,12155.0,81,2022-08-20,It,NaN,NaN
9935.64039,9903.0,8496.0,11681.0,82,2022-08-21,It,NaN,NaN
9451.13065,9398.0,8099.0,11052.0,83,2022-08-22,It,NaN,NaN
9005.11394,8943.0,7670.0,10506.0,84,2022-08-23,It,NaN,NaN
8714.15319,8647.0,7437.0,10201.0,85,2022-08-24,It,NaN,NaN
8480.86515,8417.0,7264.0,9888.0,86,2022-08-25,It,NaN,NaN
8292.0697,8303.0,7122.0,9612.0,87,2022-08-26,It,NaN,NaN
8074.31133,8052.0,6864.0,9349.0,88,2022-08-27,It,NaN,NaN
7830.36771,7865.0,6713.0,9092.0,89,2022-08-28,It,NaN,NaN
7475.0895,7476.0,6160.0,8375.0,90,2022-08-29,It,NaN,NaN
7131.59987,7138.0,6197.0,8046.0,91,2022-08-30,It,NaN,NaN
6837.82349,6742.0,6335.0,7802.0,92,2022-08-31,It,NaN,NaN
6742.64681,6665.0,6246.0,7820.0,93,2022-09-01,It,NaN,NaN
6751.40654,6699.0,6160.0,7445.0,94,2022-09-02,It,NaN,NaN
6870.94077,6862.0,6492.0,7331.0,95,2022-09-03,It,NaN,NaN
6767.60334,6679.0,6476.0,7517.0,96,2022-09-04,It,NaN,NaN
6537.6997,6250.0,6250.0,7785.0,97,2022-09-05,It,NaN,NaN
6432.34983,6063.0,6063.0,7669.0,98,2022-09-06,It,NaN,NaN
6452.97217,6219.0,6219.0,7480.0,99,2022-09-07,It,NaN,NaN
6465.77545,6205.0,6073.0,7301.0,100,2022-09-08,It,NaN,NaN
6234.00862,5936.0,5936.0,7173.0,101,2022-09-09,It,NaN,NaN
6207.95739,5943.0,5943.0,7439.0,102,2022-09-10,It,NaN,NaN
6162.81643,5998.0,5998.0,7099.0,103,2022-09-11,It,NaN,NaN
6112.16835,5919.0,5896.0,7073.0,104,2022-09-12,It,NaN,NaN
6080.51092,5806.0,5806.0,6958.0,105,2022-09-13,It,NaN,NaN
5905.30032,5586.0,5586.0,7033.0,106,2022-09-14,It,NaN,NaN
6079.02405,5825.0,5825.0,7072.0,107,2022-09-15,It,NaN,NaN
6269.86403,6125.0,5638.0,7497.0,108,2022-09-16,It,NaN,NaN
6121.14642,5768.0,5703.0,7772.0,109,2022-09-17,It,NaN,NaN
6182.92053,5863.0,5640.0,7918.0,110,2022-09-18,It,NaN,NaN
6309.30043,6116.0,5678.0,7707.0,111,2022-09-19,It,NaN,NaN
6492.63571,6265.0,5423.0,7954.0,112,2022-09-20,It,NaN,NaN
6593.27988,6406.0,5503.0,8290.0,113,2022-09-21,It,NaN,NaN
6636.58705,6456.0,5767.0,8093.0,114,2022-09-22,It,NaN,NaN
6709.37947,6428.0,5768.0,8763.0,115,2022-09-23,It,NaN,NaN
6770.73509,6312.0,5877.0,9538.0,116,2022-09-24,It,NaN,NaN
6956.99987,6458.0,6010.0,9921.0,117,2022-09-25,It,NaN,NaN
7234.45124,6956.0,6076.124999999996,10082.0,118,2022-09-26,It,NaN,NaN
7259.51212,6730.0,6020.0,11279.0,119,2022-09-27,It,NaN,NaN
7523.90213,7199.0,6260.0,11493.0,120,2022-09-28,It,NaN,NaN
7699.33412,7380.0,6212.0,12048.0,121,2022-09-29,It,NaN,NaN
7888.70746,7546.0,6107.975,12757.024999999994,122,2022-09-30,It,NaN,NaN
1.0,1.0,1.0,1.0,1,2022-06-01,Cases,0.0,3.0
1.0,1.0,1.0,1.0,2,2022-06-02,Cases,0.0,3.0
1.0,1.0,1.0,1.0,3,2022-06-03,Cases,0.0,3.0
1.0,1.0,1.0,1.0,4,2022-06-04,Cases,0.0,3.0
1.0,1.0,1.0,1.0,5,2022-06-05,Cases,0.0,3.0
1.0,1.0,1.0,1.0,6,2022-06-06,Cases,0.0,3.0
1.0,1.0,1.0,1.0,7,2022-06-07,Cases,0.0,3.0
1.0,1.0,1.0,1.0,8,2022-06-08,Cases,0.0,3.0
1.0,1.0,1.0,1.0,9,2022-06-09,Cases,0.0,3.0
1.0,1.0,1.0,1.0,10,2022-06-10,Cases,0.0,3.0
1.0,1.0,1.0,1.0,11,2022-06-11,Cases,0.0,3.0
1.0,1.0,1.0,1.0,12,2022-06-12,Cases,0.0,3.0
1.0,1.0,1.0,1.0,13,2022-06-13,Cases,0.0,3.0
1.0,1.0,1.0,1.0,14,2022-06-14,Cases,0.0,3.0
1.0,1.0,1.0,1.0,15,2022-06-15,Cases,0.0,3.0
1.0,1.0,1.0,1.0,16,2022-06-16,Cases,0.0,3.0
1.0,1.0,1.0,1.0,17,2022-06-17,Cases,0.0,3.0
1.0,1.0,1.0,1.0,18,2022-06-18,Cases,0.0,3.0
1.0,1.0,1.0,1.0,19,2022-06-19,Cases,0.0,3.0
1.0,1.0,1.0,1.0,20,2022-06-20,Cases,0.0,3.0
1.0,1.0,1.0,1.0,21,2022-06-21,Cases,0.0,3.0
1.0,1.0,1.0,1.0,22,2022-06-22,Cases,0.0,3.0
1.0,1.0,1.0,1.0,23,2022-06-23,Cases,0.0,3.0
1.0,1.0,1.0,1.0,24,2022-06-24,Cases,0.0,3.0
1.0,1.0,1.0,1.0,25,2022-06-25,Cases,0.0,3.0
1.0,1.0,1.0,1.0,26,2022-06-26,Cases,0.0,3.0
1.0,1.0,1.0,1.0,27,2022-06-27,Cases,0.0,3.0
1.0,1.0,1.0,1.0,28,2022-06-28,Cases,0.0,3.0
1.0,1.0,1.0,1.0,29,2022-06-29,Cases,0.0,3.0
1.0,1.0,1.0,1.0,30,2022-06-30,Cases,0.0,3.0
7409.8720292714825,7332.241792591628,4886.403139662465,10366.869824392677,31,2022-07-01,Cases,4825.0,10534.024999999994
7747.339015209578,7652.8613798007245,5231.120442123072,10748.436004490472,32,2022-07-02,Cases,5149.0,10909.0
8147.079136903244,8033.4896302285415,5626.888490928769,11235.966664843321,33,2022-07-03,Cases,5533.975,11416.0
8477.24862558361,8356.845508341232,6200.803607329446,11312.057218483651,34,2022-07-04,Cases,6081.0,11522.0
8940.679431448676,8840.82072625843,6927.982509424028,11417.009766213463,35,2022-07-05,Cases,6751.0,11664.0
9514.52220795674,9479.911144189176,7570.177111872441,11661.035008798495,36,2022-07-06,Cases,7379.0,11973.0
9779.968210708374,9741.288455004764,8021.956455475162,11654.981588818171,37,2022-07-07,Cases,7796.0,11986.049999999988
10103.666124957212,10100.991017833956,8433.550162752425,11749.541941580368,38,2022-07-08,Cases,8175.0,12152.0
10263.463541846017,10296.796423085227,8697.654995913435,11807.092957084198,39,2022-07-09,Cases,8417.0,12189.0
10316.168830544915,10322.041016349585,8794.921856953799,11763.298045809595,40,2022-07-10,Cases,8516.0,12210.0
10247.92058795185,10209.188697292902,8785.336766080245,11741.176653763057,41,2022-07-11,Cases,8481.975,12188.024999999994
10271.227747767445,10260.575519869646,8836.213277541241,11701.160285002092,42,2022-07-12,Cases,8509.0,12182.0
10337.290962890153,10314.054666821245,8906.819407580666,11796.107943862671,43,2022-07-13,Cases,8561.975,12280.0
10283.963343803724,10267.100487554631,8863.028285393397,11697.062612232105,44,2022-07-14,Cases,8505.0,12201.0
10028.740068270406,10016.965243301416,8607.184253949334,11466.477641987793,45,2022-07-15,Cases,8285.0,11938.0
9681.085753190851,9666.02014697967,8249.46915615414,11136.239234954603,46,2022-07-16,Cases,7949.0,11551.0
9433.292075475421,9428.157658039097,8041.153142986365,10873.391202085999,47,2022-07-17,Cases,7754.0,11285.024999999994
9276.392212983088,9265.64368195897,7876.010641406108,10711.449571354415,48,2022-07-18,Cases,7593.0,11103.0
9209.45840160693,9187.786554702372,7858.703962957286,10596.67297147526,49,2022-07-19,Cases,7576.0,11001.0
9139.264872165895,9127.740591345286,7779.303985232035,10506.947590026055,50,2022-07-20,Cases,7503.975,10914.0
8961.802836731964,8958.845426033096,7670.050371577325,10288.56666550578,51,2022-07-21,Cases,7376.975,10693.0
8730.32865868538,8721.980811079342,7481.583246389997,10029.632632692761,52,2022-07-22,Cases,7198.0,10420.0
8518.227678705434,8515.937839336131,7293.154849978993,9758.311909540551,53,2022-07-23,Cases,7033.0,10141.0
8309.950963248919,8296.736297790281,7156.121247925931,9501.687001808816,54,2022-07-24,Cases,6878.0,9871.024999999994
8056.334715856775,8053.248485070626,6914.459860616859,9200.899658853667,55,2022-07-25,Cases,6669.975,9573.0
7802.243129592741,7800.994705649473,6694.5414785140065,8905.003360949864,56,2022-07-26,Cases,6446.0,9260.0
7538.955285055044,7533.646069973667,6493.766325077036,8614.629666845798,57,2022-07-27,Cases,6250.0,8936.024999999994
7335.732751377663,7330.209194802081,6352.064747492875,8335.78238451436,58,2022-07-28,Cases,6123.0,8660.0
6992.605820346264,6987.032908860752,6042.022968474062,7988.896088193083,59,2022-07-29,Cases,5821.0,8281.0
6671.719803668876,6659.634918132166,5784.140309005574,7662.724693291358,60,2022-07-30,Cases,5537.0,7943.0
6396.80217356559,6386.410028765587,5517.434318857995,7330.290994602879,61,2022-07-31,Cases,5307.0,7602.0
6121.2914202428365,6114.292179540766,5269.690357037692,7038.693731750156,62,2022-08-01,Cases,5066.0,7289.0
5870.135089378262,5857.540873356193,5060.76633956571,6794.657465491144,63,2022-08-02,Cases,4861.0,7017.0
5677.463493132673,5661.210496398524,4901.443899811998,6560.757176897893,64,2022-08-03,Cases,4706.0,6792.0
5486.822894956956,5479.057925165963,4724.323756926122,6348.045862258198,65,2022-08-04,Cases,4534.0,6572.0
5296.336366944698,5286.47778857909,4539.986754021737,6119.850709691685,66,2022-08-05,Cases,4370.0,6334.0
4995.876866287578,4987.321824395955,4308.068542089625,5773.321650054136,67,2022-08-06,Cases,4134.0,5979.0
4851.422166178239,4839.154629342567,4176.844996748816,5619.198857448951,68,2022-08-07,Cases,4012.0,5807.024999999994
4748.219838594197,4740.670241497883,4053.1992530906427,5487.657522388168,69,2022-08-08,Cases,3907.0,5687.0
4609.037139664685,4605.010535721702,3915.5751096759213,5323.797591427409,70,2022-08-09,Cases,3781.0,5523.0
4488.807479742355,4486.821230572692,3820.099864173822,5201.058335675512,71,2022-08-10,Cases,3676.0,5385.0
4355.860376008473,4356.0945547394695,3697.1760085174446,5051.437725142519,72,2022-08-11,Cases,3562.0,5230.0
4227.39239514007,4227.022303118481,3588.4378673492565,4912.657738909364,73,2022-08-12,Cases,3455.0,5086.0
4097.6169442402415,4097.188262705617,3477.712321182029,4755.876729831672,74,2022-08-13,Cases,3355.0,4923.0
4048.8871656563483,4053.773498773359,3462.029639298106,4690.094596027969,75,2022-08-14,Cases,3329.0,4854.0
3973.5809325361097,3971.1296878123294,3417.35596094992,4563.599864858157,76,2022-08-15,Cases,3279.0,4744.0
3925.128999132021,3920.436299948031,3354.9249338094514,4509.704807158049,77,2022-08-16,Cases,3232.0,4682.0
3847.83578325392,3837.014598211015,3308.4725033021223,4402.033951222094,78,2022-08-17,Cases,3188.0,4581.0
3724.8066976390155,3712.5893759146725,3218.1985162832275,4268.440425677547,79,2022-08-18,Cases,3090.0,4439.0
3555.873132585082,3548.205301174231,3082.6945870143827,4093.326248549833,80,2022-08-19,Cases,2945.0,4250.0
3361.3726523613614,3349.6310711487504,2905.141480527619,3880.0136593256484,81,2022-08-20,Cases,2786.0,4019.0
3200.8332405903107,3190.8386118024086,2781.5455120475867,3690.9855655365736,82,2022-08-21,Cases,2657.0,3834.0
3029.3870675209137,3021.0934749885805,2617.5587119146326,3503.9565184087355,83,2022-08-22,Cases,2505.0,3629.0
2843.372270094768,2836.8064979223764,2444.0870084129533,3285.694728010954,84,2022-08-23,Cases,2343.0,3407.0
2664.7091989412324,2658.341210896686,2296.402683045005,3076.84907436824,85,2022-08-24,Cases,2198.975,3198.0
2506.5536363799556,2500.0841465183676,2156.787738862071,2891.134419591029,86,2022-08-25,Cases,2066.0,3004.0
2351.045243823224,2347.4771863895708,2012.336370264944,2731.230306277971,87,2022-08-26,Cases,1926.0,2832.0
2192.310114461827,2185.2916946183577,1850.9169415737101,2571.903106627637,88,2022-08-27,Cases,1784.0,2667.024999999994
2093.167062134127,2099.649082619806,1767.9044572059995,2382.570707783061,89,2022-08-28,Cases,1712.0,2482.0
2019.858282159021,2002.4543764375085,1743.3992648439594,2303.392524700769,90,2022-08-29,Cases,1670.975,2412.0
1955.7669160241805,1904.126193509275,1698.1548937464318,2271.5674145801036,91,2022-08-30,Cases,1622.0,2380.0
1881.392894556219,1821.030946584132,1663.1169045481006,2240.246454346442,92,2022-08-31,Cases,1568.0,2330.0
1834.5126444970185,1798.479935024901,1643.440913793729,2139.9134215657714,93,2022-09-01,Cases,1551.0,2220.0
1758.121203051806,1734.0959811238076,1618.0932238497974,1961.8487641624904,94,2022-09-02,Cases,1508.0,2061.0
1666.3389724549675,1625.5612425626036,1528.0971931935783,1928.8616776523206,95,2022-09-03,Cases,1418.0,2012.0
1649.5257354742384,1627.010756445446,1521.02395728038,1863.2482877711175,96,2022-09-04,Cases,1421.0,1944.0
1627.8773279509724,1613.1609312258236,1507.8875941539268,1811.8168213893778,97,2022-09-05,Cases,1408.0,1893.0
1615.5584001547095,1609.4348923092043,1518.4029125485172,1745.8378968587783,98,2022-09-06,Cases,1410.0,1845.0
1596.257387826971,1614.836520033556,1475.3345944404136,1665.6482103321666,99,2022-09-07,Cases,1382.0,1813.0
1544.781362272487,1543.0552824653828,1485.118263762367,1596.615377092846,100,2022-09-08,Cases,1359.0,1744.0
1512.6979625566933,1502.4854149387697,1453.4913912557677,1585.5628764895143,101,2022-09-09,Cases,1329.0,1712.0
1443.260651027331,1397.929215370163,1388.112289889329,1564.9376376975254,102,2022-09-10,Cases,1248.0,1672.0
1466.1448414632082,1461.9017297601245,1393.151830362188,1546.0073660834596,103,2022-09-11,Cases,1285.0,1656.0
1460.3910484190694,1437.4816773321077,1409.7003245615185,1547.1539768447474,104,2022-09-12,Cases,1279.0,1661.0
1367.9669635747289,1321.5371828676539,1320.673141099018,1470.8943383516776,105,2022-09-13,Cases,1183.0,1585.0
1354.5587513732685,1336.6082618692185,1328.9023366260215,1439.8487648610026,106,2022-09-14,Cases,1190.0,1534.0
1309.648984797693,1281.3563193502619,1281.1609603962195,1381.2204722126367,107,2022-09-15,Cases,1144.0,1494.0
1264.207171737261,1223.6436670750393,1213.0098816810507,1414.372101009721,108,2022-09-16,Cases,1092.0,1477.0
1266.3216060602433,1258.5144856006198,1221.6029839196663,1380.1119786220959,109,2022-09-17,Cases,1111.0,1440.0
1273.96973110562,1249.3095644895618,1249.3006137355621,1401.677807081835,110,2022-09-18,Cases,1113.0,1462.0
1335.4261044214409,1339.4146706015824,1275.5528652073103,1438.7681829845121,111,2022-09-19,Cases,1172.0,1512.0
1348.0184941644734,1344.1376309225243,1301.5189770649986,1424.1339169176752,112,2022-09-20,Cases,1185.0,1524.0
1383.2589778253698,1393.210172027746,1338.2880701327288,1418.905414501276,113,2022-09-21,Cases,1218.0,1559.0
1377.5839731867545,1375.0417768260031,1310.68793809507,1418.8223740175624,114,2022-09-22,Cases,1211.0,1555.0
1366.4934771282838,1393.1821114807124,1275.520050072483,1393.1821114807124,115,2022-09-23,Cases,1192.0,1549.0
1319.3071472783893,1333.5412192791018,1236.5250820695733,1333.5412192791018,116,2022-09-24,Cases,1155.0,1490.0
1275.565834267622,1291.5557579180816,1202.5321657104016,1302.2110328900894,117,2022-09-25,Cases,1116.0,1441.0
1298.4974011768502,1325.3365039818323,1241.3583977344736,1325.3365039818323,118,2022-09-26,Cases,1132.0,1473.0
1391.7769239069867,1415.1348528746742,1323.0254636842214,1415.1348528746742,119,2022-09-27,Cases,1218.0,1573.0
1449.0541007052332,1449.6560709586606,1371.829517692551,1521.0497214462875,120,2022-09-28,Cases,1266.0,1644.0
1500.1466288975257,1500.1800215142166,1412.0776938664485,1590.866262140426,121,2022-09-29,Cases,1307.0,1705.0249999999942
1533.5172174315744,1533.0085064316486,1420.712519467155,1650.4929005985903,122,2022-09-30,Cases,1327.0,1757.0
1.0,1.0,1.0,1.0,1,2022-06-01,Wastewater,0.3141074014458004,2.078964086498124
1.0,1.0,1.0,1.0,2,2022-06-02,Wastewater,0.3161145538857837,2.065027561902496
1.0,1.0,1.0,1.0,3,2022-06-03,Wastewater,0.3124589384937139,2.0796647214945327
1.0,1.0,1.0,1.0,4,2022-06-04,Wastewater,0.3150522420216235,2.0667897297403783
1.0,1.0,1.0,1.0,5,2022-06-05,Wastewater,0.31633512284379667,2.0772906713747132
1.0,1.0,1.0,1.0,6,2022-06-06,Wastewater,0.3169396847959679,2.062674117790082
1.0,1.0,1.0,1.0,7,2022-06-07,Wastewater,0.31393693385892035,2.0706348458103974
1.0,1.0,1.0,1.0,8,2022-06-08,Wastewater,0.3102778706164127,2.067249565633599
1.0,1.0,1.0,1.0,9,2022-06-09,Wastewater,0.3148187955737702,2.0687815496408586
1.0,1.0,1.0,1.0,10,2022-06-10,Wastewater,0.31258292701099055,2.0769903028507533
1.0,1.0,1.0,1.0,11,2022-06-11,Wastewater,0.3142596193487165,2.071591428389175
1.0,1.0,1.0,1.0,12,2022-06-12,Wastewater,0.3166106035345598,2.0765314300089237
1.0,1.0,1.0,1.0,13,2022-06-13,Wastewater,0.31414372179835987,2.071431657114774
1.0,1.0,1.0,1.0,14,2022-06-14,Wastewater,0.3147140206467816,2.07442752963816
1.0,1.0,1.0,1.0,15,2022-06-15,Wastewater,0.31457329043064114,2.073655260997533
1.0,1.0,1.0,1.0,16,2022-06-16,Wastewater,0.31706986846038543,2.0724974241782643
1.0,1.0,1.0,1.0,17,2022-06-17,Wastewater,0.31367044704807556,2.0667434313421937
1.0,1.0,1.0,1.0,18,2022-06-18,Wastewater,0.31711289207328974,2.0701932622702715
1.0,1.0,1.0,1.0,19,2022-06-19,Wastewater,0.3156373707281608,2.069124719155728
1.0,1.0,1.0,1.0,20,2022-06-20,Wastewater,0.3153725071227625,2.0777061647579753
1.0,1.0,1.0,1.0,21,2022-06-21,Wastewater,0.3112287112073041,2.079203093463993
1.0,1.0,1.0,1.0,22,2022-06-22,Wastewater,0.31497181463754786,2.0813917449520583
1.0,1.0,1.0,1.0,23,2022-06-23,Wastewater,0.3127863970185299,2.081819661205989
1.0,1.0,1.0,1.0,24,2022-06-24,Wastewater,0.31253218734077404,2.0833847860697774
1.0,1.0,1.0,1.0,25,2022-06-25,Wastewater,0.31403119216241204,2.0673207354710326
1.0,1.0,1.0,1.0,26,2022-06-26,Wastewater,0.3142212106088865,2.078634951369958
1.0,1.0,1.0,1.0,27,2022-06-27,Wastewater,0.31427507436729246,2.075808084423191
1.0,1.0,1.0,1.0,28,2022-06-28,Wastewater,0.313289598043747,2.0706690590937655
1.0,1.0,1.0,1.0,29,2022-06-29,Wastewater,0.3158547686810856,2.073358849271774
1.0,1.0,1.0,1.0,30,2022-06-30,Wastewater,0.31363373504706143,2.069275449535707
2.554036986990207e7,2.5315230214166354e7,1.87707698666072e7,3.3467826598955918e7,31,2022-07-01,Wastewater,7.602354243415533e6,5.5289031886137016e7
2.6399961317041885e7,2.6119841249902695e7,2.002077320486184e7,3.407267100925523e7,32,2022-07-02,Wastewater,8.076365990963473e6,5.646433599082368e7
2.7320808372658722e7,2.6989328723260045e7,2.1532138124869272e7,3.448107724566021e7,33,2022-07-03,Wastewater,8.342364356675789e6,5.8356149547479264e7
2.811908332518052e7,2.7760229443318233e7,2.307019110428203e7,3.451761637699255e7,34,2022-07-04,Wastewater,8.661857086470664e6,5.9507425980132245e7
2.87107575861908e7,2.836648892070682e7,2.452899596272205e7,3.415982218429868e7,35,2022-07-05,Wastewater,8.88725231573898e6,6.022461698627932e7
2.9102211355921153e7,2.8824481714445986e7,2.577091623119408e7,3.346890004104114e7,36,2022-07-06,Wastewater,9.058778684506716e6,6.104108194045392e7
2.935110704578083e7,2.91555471623846e7,2.674969971536559e7,3.272130641735115e7,37,2022-07-07,Wastewater,9.237283140123116e6,6.097738812563139e7
2.945221264373288e7,2.93336497892908e7,2.738819021589304e7,3.2041561961780377e7,38,2022-07-08,Wastewater,9.21116015633928e6,6.157250501976452e7
2.9372945562820353e7,2.9309556479365226e7,2.7661806745510392e7,3.1389482740388345e7,39,2022-07-09,Wastewater,9.182482994277539e6,6.144303151547451e7
2.9137136695518024e7,2.9104654668865465e7,2.7641636882551394e7,3.0793789114824772e7,40,2022-07-10,Wastewater,9.148049781958064e6,6.046381446340502e7
2.8762007610052038e7,2.874379178879594e7,2.7379464219515815e7,3.0232506609941382e7,41,2022-07-11,Wastewater,9.119303404508546e6,5.963822620217536e7
2.8272580885058008e7,2.8263082440326862e7,2.6950644392278828e7,2.9651769848155975e7,42,2022-07-12,Wastewater,8.894477174029212e6,5.866092241842586e7
2.7691048951839823e7,2.7681891100629628e7,2.6399529276349444e7,2.9041698333929535e7,43,2022-07-13,Wastewater,8.646809481417624e6,5.757244500910348e7
2.704401214840586e7,2.7032388545771666e7,2.5772321715947736e7,2.8381607522231407e7,44,2022-07-14,Wastewater,8.571621829636002e6,5.620216442542673e7
2.6359215493665967e7,2.6346075237586156e7,2.5115604255813383e7,2.7671270981067337e7,45,2022-07-15,Wastewater,8.397008011994679e6,5.4936070939002395e7
2.5669242871427413e7,2.5652355670483876e7,2.445504495639758e7,2.6962516652039904e7,46,2022-07-16,Wastewater,8.05006982477073e6,5.348078607340989e7
2.4981238282398514e7,2.4963327122434314e7,2.3803599603037547e7,2.6247586824815467e7,47,2022-07-17,Wastewater,7.844923365707426e6,5.1781360269824125e7
2.429449433552922e7,2.4274798572074905e7,2.3155698238477115e7,2.5531580296068e7,48,2022-07-18,Wastewater,7.702974860824067e6,5.041954195642604e7
2.3612147547852445e7,2.3593230955440596e7,2.251715397079583e7,2.4804028960557483e7,49,2022-07-19,Wastewater,7.379166149232094e6,4.877555565758769e7
2.2929616494010326e7,2.291317874533699e7,2.1875263757915135e7,2.4074567966471527e7,50,2022-07-20,Wastewater,7.217273639760487e6,4.751979348515876e7
2.225122634215955e7,2.2236757170090877e7,2.1234274196624883e7,2.334798132796609e7,51,2022-07-21,Wastewater,7.03755728899094e6,4.636801882649984e7
2.1564014829103526e7,2.1551681607325032e7,2.0586613844595585e7,2.2612949117324334e7,52,2022-07-22,Wastewater,6.741448358573331e6,4.4816486943356514e7
2.086052920563948e7,2.0850226702981845e7,1.9925725088019416e7,2.1859373704670843e7,53,2022-07-23,Wastewater,6.564714260031376e6,4.331431786740838e7
2.0141723546021394e7,2.0130749283003826e7,1.9243491817088466e7,2.110091465712116e7,54,2022-07-24,Wastewater,6.341118885765924e6,4.165895138429873e7
1.9407102802275155e7,1.939847277792724e7,1.8546684097707223e7,2.0321542554954007e7,55,2022-07-25,Wastewater,6.167278239392244e6,4.0308607881805725e7
1.866553233352641e7,1.865665302078881e7,1.7840351775886033e7,1.9541550389848907e7,56,2022-07-26,Wastewater,5.919684919608053e6,3.867246644483473e7
1.7916654216309525e7,1.7908531408052333e7,1.712696882698859e7,1.875411490819326e7,57,2022-07-27,Wastewater,5.622161421821453e6,3.71097498098062e7
1.717643283380165e7,1.7167819092000235e7,1.6418792891593898e7,1.7979912473985102e7,58,2022-07-28,Wastewater,5.411641379421936e6,3.5536803803616695e7
1.6452939892337486e7,1.6444886474039549e7,1.572377662417927e7,1.7224676843554273e7,59,2022-07-29,Wastewater,5.170800012882482e6,3.418647242210105e7
1.575213764261837e7,1.574523833626698e7,1.5050121708254768e7,1.6495727395735111e7,60,2022-07-30,Wastewater,4.983162626627992e6,3.248199880069342e7
1.5084152092699219e7,1.5077876685898129e7,1.4405691645904034e7,1.5798723448445998e7,61,2022-07-31,Wastewater,4.73640692793267e6,3.1430767673885368e7
1.4451301996360043e7,1.4446483207317756e7,1.3793971194369325e7,1.5138278271388095e7,62,2022-08-01,Wastewater,4.569096848782005e6,2.9976507621173974e7
1.3858730260263365e7,1.3853765071919989e7,1.3221651348852206e7,1.4517821149298605e7,63,2022-08-02,Wastewater,4.384112937327425e6,2.8464345214533873e7
1.3303601302265115e7,1.3299445883009108e7,1.2686038791178502e7,1.3940294436272971e7,64,2022-08-03,Wastewater,4.204592026120124e6,2.761637980182168e7
1.2786945886744218e7,1.2783982594889868e7,1.2186834385455713e7,1.3401062761090217e7,65,2022-08-04,Wastewater,4.0429064372638785e6,2.6461366128769193e7
1.2310194573958438e7,1.2306411194940543e7,1.1729928940257555e7,1.2906859600802818e7,66,2022-08-05,Wastewater,3.8884495970741557e6,2.554601680502427e7
1.1894014598360725e7,1.1891212810813565e7,1.1330998342704935e7,1.247653694792621e7,67,2022-08-06,Wastewater,3.7407116859237286e6,2.445284686486129e7
1.1515998478268823e7,1.1512895847535403e7,1.0968275252007896e7,1.2086021719586017e7,68,2022-08-07,Wastewater,3.635020780379648e6,2.3924835415367503e7
1.1168105974041367e7,1.1165442206920516e7,1.0631691554337889e7,1.1726504286503993e7,69,2022-08-08,Wastewater,3.5169507871009745e6,2.3138975328126e7
1.0848177590219868e7,1.0843546442038443e7,1.0327203933437813e7,1.139333778928754e7,70,2022-08-09,Wastewater,3.399435249448441e6,2.259673957644383e7
1.0549374583984202e7,1.0545120009478997e7,1.0042841023750428e7,1.1080478829001762e7,71,2022-08-10,Wastewater,3.3388820800829255e6,2.189366648727128e7
1.0268437892261103e7,1.0264719754173877e7,9.776932270600371e6,1.0784188766202014e7,72,2022-08-11,Wastewater,3.24617451654453e6,2.113115522890011e7
9.995052692144778e6,9.990591919174872e6,9.519957721616883e6,1.0495942656253006e7,73,2022-08-12,Wastewater,3.1668921856654026e6,2.0633163134185355e7
9.73646603147066e6,9.73148061998785e6,9.27673080437504e6,1.0223105729940044e7,74,2022-08-13,Wastewater,3.0582782257575644e6,2.0240199683677793e7
9.477500174062569e6,9.472102664466735e6,9.034567306618918e6,9.9461145774318e6,75,2022-08-14,Wastewater,3.005951524554331e6,1.9794600268266562e7
9.214968673301883e6,9.209988466773823e6,8.78723518354343e6,9.667273565236475e6,76,2022-08-15,Wastewater,2.898283015237903e6,1.917576592489991e7
8.936491247177059e6,8.932427932572631e6,8.52286523719072e6,9.3702585287686e6,77,2022-08-16,Wastewater,2.7901124076148476e6,1.844854531255337e7
8.641780882592324e6,8.63821924978806e6,8.243013503688516e6,9.060139309570476e6,78,2022-08-17,Wastewater,2.711066364392051e6,1.7870171997334603e7
8.330296126612605e6,8.327459309353219e6,7.944548845023298e6,8.731735160800854e6,79,2022-08-18,Wastewater,2.616380202693746e6,1.726587865772152e7
8.001083415885186e6,7.998605503245353e6,7.630283361395453e6,8.386541130354147e6,80,2022-08-19,Wastewater,2.4989172568746856e6,1.6611758477051057e7
7.657333833955112e6,7.655428129627064e6,7.299324567765274e6,8.027257021253571e6,81,2022-08-20,Wastewater,2.4088220043145125e6,1.5882169271674307e7
7.3053222416085815e6,7.303492617548645e6,6.9627724930512775e6,7.65977294070684e6,82,2022-08-21,Wastewater,2.3262297210358833e6,1.5248598361305779e7
6.954024086107549e6,6.951720959879357e6,6.62556678135574e6,7.293592437897276e6,83,2022-08-22,Wastewater,2.182088740071417e6,1.444176617431683e7
6.6100232793743545e6,6.607628741659337e6,6.296770613709312e6,6.937225278623112e6,84,2022-08-23,Wastewater,2.0779627242657698e6,1.374010110799414e7
6.284830509740132e6,6.281922619968997e6,5.985254491869553e6,6.599374274639996e6,85,2022-08-24,Wastewater,1.9749547016627884e6,1.3057090790778857e7
5.985645086060337e6,5.983053216197475e6,5.698459402808313e6,6.28982958344891e6,86,2022-08-25,Wastewater,1.889426905054473e6,1.2350806281238765e7
5.717353724376321e6,5.714763216210499e6,5.440477140088224e6,6.01005964903599e6,87,2022-08-26,Wastewater,1.8156166963048663e6,1.1826158399987562e7
5.479110271126194e6,5.477241069153896e6,5.212960171722623e6,5.7578287639096705e6,88,2022-08-27,Wastewater,1.71870717093492e6,1.1334322912852831e7
5.267359986671001e6,5.265866906380418e6,5.013084270610524e6,5.533331578519165e6,89,2022-08-28,Wastewater,1.6560894554514722e6,1.0944608993844522e7
5.07235709140915e6,5.071226657690505e6,4.829062027673709e6,5.324442060270412e6,90,2022-08-29,Wastewater,1.5929671706286187e6,1.0493689384162072e7
4.888086251919393e6,4.887572237252201e6,4.654882679953522e6,5.125964575025948e6,91,2022-08-30,Wastewater,1.538164002620474e6,1.0173246650702948e7
4.711248601062733e6,4.711273000443917e6,4.489984006868848e6,4.932644023071424e6,92,2022-08-31,Wastewater,1.4800692838010716e6,9.747582403598143e6
4.54799903413987e6,4.547428031751914e6,4.337414378244063e6,4.764032998925119e6,93,2022-09-01,Wastewater,1.42429862234103e6,9.43045330798145e6
4.403968468236787e6,4.399891234658159e6,4.201524279472516e6,4.632711501426533e6,94,2022-09-02,Wastewater,1.3891455399497433e6,9.1108899617424e6
4.286815319439113e6,4.277824593559286e6,4.0891373050955296e6,4.538720801858921e6,95,2022-09-03,Wastewater,1.351394007220199e6,8.89253002470486e6
4.1883482048931196e6,4.173270364964635e6,3.9912312946837964e6,4.481185488248247e6,96,2022-09-04,Wastewater,1.3234911684660472e6,8.691286483760726e6
4.1000396247749403e6,4.0714054272368196e6,3.915659139838947e6,4.453638475023212e6,97,2022-09-05,Wastewater,1.2928751098543287e6,8.529827272932502e6
4.0230356709866803e6,3.9728705858539557e6,3.869031542433694e6,4.435601737952853e6,98,2022-09-06,Wastewater,1.2538295850455344e6,8.352022914554569e6
3.960121770006708e6,3.8925162847437765e6,3.821292610833158e6,4.422985767070182e6,99,2022-09-07,Wastewater,1.2543925466704415e6,8.228970735209369e6
3.909258901370604e6,3.826901794759634e6,3.7648158600414e6,4.404134343755375e6,100,2022-09-08,Wastewater,1.2403994540364016e6,8.0931738230468845e6
3.8565818683928233e6,3.7515435253735427e6,3.7199236443194672e6,4.355746486284023e6,101,2022-09-09,Wastewater,1.2171682639625154e6,8.039949587609771e6
3.8081772591065774e6,3.6872623102958333e6,3.672927426470363e6,4.333691907151986e6,102,2022-09-10,Wastewater,1.197086832665132e6,7.953770258470796e6
3.7633123569817077e6,3.6341493723012926e6,3.626357195899016e6,4.298291490663257e6,103,2022-09-11,Wastewater,1.1861037383142358e6,7.798996886474351e6
3.7212990400465685e6,3.5882935267543136e6,3.584308540143063e6,4.261237535847865e6,104,2022-09-12,Wastewater,1.1582402176805807e6,7.7646247744698245e6
3.6823788227634155e6,3.5450673137932746e6,3.54317383685938e6,4.2148519654502515e6,105,2022-09-13,Wastewater,1.1568313456295044e6,7.707850747904247e6
3.6393629409328066e6,3.4967216518558166e6,3.495876457372428e6,4.1807677928565396e6,106,2022-09-14,Wastewater,1.1533978472609418e6,7.588382796720334e6
3.608160870795021e6,3.463486468061094e6,3.463133739982477e6,4.150381118536823e6,107,2022-09-15,Wastewater,1.1293426849742916e6,7.551095266507946e6
3.593129457785334e6,3.4525019501027274e6,3.4523721305966564e6,4.1309027364397002e6,108,2022-09-16,Wastewater,1.1253450590715022e6,7.535232123272564e6
3.579626853025692e6,3.4342535806271587e6,3.4342154395562536e6,4.111058327000896e6,109,2022-09-17,Wastewater,1.119925765985581e6,7.464247654313727e6
3.5744523670994323e6,3.42419913791062e6,3.4241946437323983e6,4.1030084742283667e6,110,2022-09-18,Wastewater,1.1274141999049478e6,7.487601395280321e6
3.580670832778883e6,3.4313723365851836e6,3.4313723365851836e6,4.188962520264439e6,111,2022-09-19,Wastewater,1.124906196819952e6,7.471209673674011e6
3.6014553288689824e6,3.453083943513508e6,3.443611645577409e6,4.280873051807863e6,112,2022-09-20,Wastewater,1.1340252640695844e6,7.512145424029963e6
3.6324752709059617e6,3.48765572833175e6,3.391415849573675e6,4.381993027264062e6,113,2022-09-21,Wastewater,1.1402618835916515e6,7.640665123854445e6
3.669037439807205e6,3.528998808923321e6,3.3819941402842514e6,4.465875975256684e6,114,2022-09-22,Wastewater,1.1407034947431972e6,7.7252605651415195e6
3.7106423743068255e6,3.571370678418416e6,3.366327431022419e6,4.569445661747072e6,115,2022-09-23,Wastewater,1.151443027915865e6,7.803847689106572e6
3.7549849945654124e6,3.6065333480914216e6,3.3812354741235524e6,4.707245687098286e6,116,2022-09-24,Wastewater,1.1755010793738842e6,7.90590842329339e6
3.8062528139509447e6,3.6426499241309967e6,3.4043299993565967e6,4.868554327906407e6,117,2022-09-25,Wastewater,1.1842113673105137e6,8.036277736819244e6
3.8692328588268263e6,3.6981824996436792e6,3.434628039156452e6,5.040729768159924e6,118,2022-09-26,Wastewater,1.2109464321378823e6,8.130585849192526e6
3.9330927565342686e6,3.743468114616874e6,3.4621105475724675e6,5.269334047515011e6,119,2022-09-27,Wastewater,1.217379278496612e6,8.325697447975345e6
4.007416235843202e6,3.807632982827799e6,3.507994267317928e6,5.514091603683946e6,120,2022-09-28,Wastewater,1.2454251729260806e6,8.493611142559366e6
4.0890143810368157e6,3.883255343291397e6,3.527218591154635e6,5.785689653290654e6,121,2022-09-29,Wastewater,1.2691493851620273e6,8.68135244463348e6
4.177698461362038e6,3.9740414877130557e6,3.519115883407337e6,6.080499870358652e6,122,2022-09-30,Wastewater,1.2794609590794316e6,8.973946538629144e6
0.34777,NaN,NaN,NaN,1,2022-06-01,pRLessThanOne,NaN,NaN
0.36756,NaN,NaN,NaN,2,2022-06-02,pRLessThanOne,NaN,NaN
0.33996,NaN,NaN,NaN,3,2022-06-03,pRLessThanOne,NaN,NaN
0.47097,NaN,NaN,NaN,4,2022-06-04,pRLessThanOne,NaN,NaN
0.37467,NaN,NaN,NaN,5,2022-06-05,pRLessThanOne,NaN,NaN
0.28016,NaN,NaN,NaN,6,2022-06-06,pRLessThanOne,NaN,NaN
0.35659,NaN,NaN,NaN,7,2022-06-07,pRLessThanOne,NaN,NaN
0.37059,NaN,NaN,NaN,8,2022-06-08,pRLessThanOne,NaN,NaN
0.4074,NaN,NaN,NaN,9,2022-06-09,pRLessThanOne,NaN,NaN
0.36312,NaN,NaN,NaN,10,2022-06-10,pRLessThanOne,NaN,NaN
0.31687,NaN,NaN,NaN,11,2022-06-11,pRLessThanOne,NaN,NaN
0.46929,NaN,NaN,NaN,12,2022-06-12,pRLessThanOne,NaN,NaN
0.10997,NaN,NaN,NaN,13,2022-06-13,pRLessThanOne,NaN,NaN
0.21,NaN,NaN,NaN,14,2022-06-14,pRLessThanOne,NaN,NaN
0.07829,NaN,NaN,NaN,15,2022-06-15,pRLessThanOne,NaN,NaN
0.6681,NaN,NaN,NaN,16,2022-06-16,pRLessThanOne,NaN,NaN
0.74718,NaN,NaN,NaN,17,2022-06-17,pRLessThanOne,NaN,NaN
0.58208,NaN,NaN,NaN,18,2022-06-18,pRLessThanOne,NaN,NaN
0.2214,NaN,NaN,NaN,19,2022-06-19,pRLessThanOne,NaN,NaN
0.68364,NaN,NaN,NaN,20,2022-06-20,pRLessThanOne,NaN,NaN
0.11095,NaN,NaN,NaN,21,2022-06-21,pRLessThanOne,NaN,NaN
0.0668,NaN,NaN,NaN,22,2022-06-22,pRLessThanOne,NaN,NaN
0.05084,NaN,NaN,NaN,23,2022-06-23,pRLessThanOne,NaN,NaN
0.40492,NaN,NaN,NaN,24,2022-06-24,pRLessThanOne,NaN,NaN
0.27313,NaN,NaN,NaN,25,2022-06-25,pRLessThanOne,NaN,NaN
0.08958,NaN,NaN,NaN,26,2022-06-26,pRLessThanOne,NaN,NaN
0.71517,NaN,NaN,NaN,27,2022-06-27,pRLessThanOne,NaN,NaN
0.20795,NaN,NaN,NaN,28,2022-06-28,pRLessThanOne,NaN,NaN
0.17728,NaN,NaN,NaN,29,2022-06-29,pRLessThanOne,NaN,NaN
0.25638,NaN,NaN,NaN,30,2022-06-30,pRLessThanOne,NaN,NaN
0.32022,NaN,NaN,NaN,31,2022-07-01,pRLessThanOne,NaN,NaN
0.31094,NaN,NaN,NaN,32,2022-07-02,pRLessThanOne,NaN,NaN
0.3469,NaN,NaN,NaN,33,2022-07-03,pRLessThanOne,NaN,NaN
0.38859,NaN,NaN,NaN,34,2022-07-04,pRLessThanOne,NaN,NaN
0.43986,NaN,NaN,NaN,35,2022-07-05,pRLessThanOne,NaN,NaN
0.50955,NaN,NaN,NaN,36,2022-07-06,pRLessThanOne,NaN,NaN
0.65332,NaN,NaN,NaN,37,2022-07-07,pRLessThanOne,NaN,NaN
0.66688,NaN,NaN,NaN,38,2022-07-08,pRLessThanOne,NaN,NaN
0.80212,NaN,NaN,NaN,39,2022-07-09,pRLessThanOne,NaN,NaN
0.94414,NaN,NaN,NaN,40,2022-07-10,pRLessThanOne,NaN,NaN
0.97943,NaN,NaN,NaN,41,2022-07-11,pRLessThanOne,NaN,NaN
0.97745,NaN,NaN,NaN,42,2022-07-12,pRLessThanOne,NaN,NaN
0.98877,NaN,NaN,NaN,43,2022-07-13,pRLessThanOne,NaN,NaN
0.99052,NaN,NaN,NaN,44,2022-07-14,pRLessThanOne,NaN,NaN
0.98617,NaN,NaN,NaN,45,2022-07-15,pRLessThanOne,NaN,NaN
0.9864,NaN,NaN,NaN,46,2022-07-16,pRLessThanOne,NaN,NaN
0.98632,NaN,NaN,NaN,47,2022-07-17,pRLessThanOne,NaN,NaN
0.98275,NaN,NaN,NaN,48,2022-07-18,pRLessThanOne,NaN,NaN
0.98148,NaN,NaN,NaN,49,2022-07-19,pRLessThanOne,NaN,NaN
0.9909,NaN,NaN,NaN,50,2022-07-20,pRLessThanOne,NaN,NaN
0.9959,NaN,NaN,NaN,51,2022-07-21,pRLessThanOne,NaN,NaN
0.99794,NaN,NaN,NaN,52,2022-07-22,pRLessThanOne,NaN,NaN
0.9996,NaN,NaN,NaN,53,2022-07-23,pRLessThanOne,NaN,NaN
0.99968,NaN,NaN,NaN,54,2022-07-24,pRLessThanOne,NaN,NaN
0.99966,NaN,NaN,NaN,55,2022-07-25,pRLessThanOne,NaN,NaN
0.99974,NaN,NaN,NaN,56,2022-07-26,pRLessThanOne,NaN,NaN
0.99686,NaN,NaN,NaN,57,2022-07-27,pRLessThanOne,NaN,NaN
0.99954,NaN,NaN,NaN,58,2022-07-28,pRLessThanOne,NaN,NaN
0.99975,NaN,NaN,NaN,59,2022-07-29,pRLessThanOne,NaN,NaN
0.99783,NaN,NaN,NaN,60,2022-07-30,pRLessThanOne,NaN,NaN
1.0,NaN,NaN,NaN,61,2022-07-31,pRLessThanOne,NaN,NaN
1.0,NaN,NaN,NaN,62,2022-08-01,pRLessThanOne,NaN,NaN
0.99953,NaN,NaN,NaN,63,2022-08-02,pRLessThanOne,NaN,NaN
0.99899,NaN,NaN,NaN,64,2022-08-03,pRLessThanOne,NaN,NaN
0.999,NaN,NaN,NaN,65,2022-08-04,pRLessThanOne,NaN,NaN
0.99824,NaN,NaN,NaN,66,2022-08-05,pRLessThanOne,NaN,NaN
0.98872,NaN,NaN,NaN,67,2022-08-06,pRLessThanOne,NaN,NaN
0.99466,NaN,NaN,NaN,68,2022-08-07,pRLessThanOne,NaN,NaN
0.98326,NaN,NaN,NaN,69,2022-08-08,pRLessThanOne,NaN,NaN
0.99159,NaN,NaN,NaN,70,2022-08-09,pRLessThanOne,NaN,NaN
0.97574,NaN,NaN,NaN,71,2022-08-10,pRLessThanOne,NaN,NaN
0.97411,NaN,NaN,NaN,72,2022-08-11,pRLessThanOne,NaN,NaN
0.98265,NaN,NaN,NaN,73,2022-08-12,pRLessThanOne,NaN,NaN
0.97936,NaN,NaN,NaN,74,2022-08-13,pRLessThanOne,NaN,NaN
0.99385,NaN,NaN,NaN,75,2022-08-14,pRLessThanOne,NaN,NaN
0.99232,NaN,NaN,NaN,76,2022-08-15,pRLessThanOne,NaN,NaN
1.0,NaN,NaN,NaN,77,2022-08-16,pRLessThanOne,NaN,NaN
1.0,NaN,NaN,NaN,78,2022-08-17,pRLessThanOne,NaN,NaN
1.0,NaN,NaN,NaN,79,2022-08-18,pRLessThanOne,NaN,NaN
1.0,NaN,NaN,NaN,80,2022-08-19,pRLessThanOne,NaN,NaN
1.0,NaN,NaN,NaN,81,2022-08-20,pRLessThanOne,NaN,NaN
1.0,NaN,NaN,NaN,82,2022-08-21,pRLessThanOne,NaN,NaN
1.0,NaN,NaN,NaN,83,2022-08-22,pRLessThanOne,NaN,NaN
1.0,NaN,NaN,NaN,84,2022-08-23,pRLessThanOne,NaN,NaN
1.0,NaN,NaN,NaN,85,2022-08-24,pRLessThanOne,NaN,NaN
1.0,NaN,NaN,NaN,86,2022-08-25,pRLessThanOne,NaN,NaN
0.9999,NaN,NaN,NaN,87,2022-08-26,pRLessThanOne,NaN,NaN
0.9984,NaN,NaN,NaN,88,2022-08-27,pRLessThanOne,NaN,NaN
0.99948,NaN,NaN,NaN,89,2022-08-28,pRLessThanOne,NaN,NaN
0.96809,NaN,NaN,NaN,90,2022-08-29,pRLessThanOne,NaN,NaN
0.99684,NaN,NaN,NaN,91,2022-08-30,pRLessThanOne,NaN,NaN
0.99992,NaN,NaN,NaN,92,2022-08-31,pRLessThanOne,NaN,NaN
0.99943,NaN,NaN,NaN,93,2022-09-01,pRLessThanOne,NaN,NaN
0.88087,NaN,NaN,NaN,94,2022-09-02,pRLessThanOne,NaN,NaN
0.8142,NaN,NaN,NaN,95,2022-09-03,pRLessThanOne,NaN,NaN
0.76126,NaN,NaN,NaN,96,2022-09-04,pRLessThanOne,NaN,NaN
0.72693,NaN,NaN,NaN,97,2022-09-05,pRLessThanOne,NaN,NaN
0.78849,NaN,NaN,NaN,98,2022-09-06,pRLessThanOne,NaN,NaN
0.82143,NaN,NaN,NaN,99,2022-09-07,pRLessThanOne,NaN,NaN
0.78574,NaN,NaN,NaN,100,2022-09-08,pRLessThanOne,NaN,NaN
0.97308,NaN,NaN,NaN,101,2022-09-09,pRLessThanOne,NaN,NaN
0.90356,NaN,NaN,NaN,102,2022-09-10,pRLessThanOne,NaN,NaN
0.95832,NaN,NaN,NaN,103,2022-09-11,pRLessThanOne,NaN,NaN
0.99312,NaN,NaN,NaN,104,2022-09-12,pRLessThanOne,NaN,NaN
0.90105,NaN,NaN,NaN,105,2022-09-13,pRLessThanOne,NaN,NaN
0.86327,NaN,NaN,NaN,106,2022-09-14,pRLessThanOne,NaN,NaN
0.27965,NaN,NaN,NaN,107,2022-09-15,pRLessThanOne,NaN,NaN
0.14728,NaN,NaN,NaN,108,2022-09-16,pRLessThanOne,NaN,NaN
0.12349,NaN,NaN,NaN,109,2022-09-17,pRLessThanOne,NaN,NaN
0.11958,NaN,NaN,NaN,110,2022-09-18,pRLessThanOne,NaN,NaN
0.19723,NaN,NaN,NaN,111,2022-09-19,pRLessThanOne,NaN,NaN
0.07185,NaN,NaN,NaN,112,2022-09-20,pRLessThanOne,NaN,NaN
0.07795,NaN,NaN,NaN,113,2022-09-21,pRLessThanOne,NaN,NaN
0.03345,NaN,NaN,NaN,114,2022-09-22,pRLessThanOne,NaN,NaN
0.07303,NaN,NaN,NaN,115,2022-09-23,pRLessThanOne,NaN,NaN
0.02337,NaN,NaN,NaN,116,2022-09-24,pRLessThanOne,NaN,NaN
0.0211,NaN,NaN,NaN,117,2022-09-25,pRLessThanOne,NaN,NaN
0.02365,NaN,NaN,NaN,118,2022-09-26,pRLessThanOne,NaN,NaN
0.02124,NaN,NaN,NaN,119,2022-09-27,pRLessThanOne,NaN,NaN
0.0597,NaN,NaN,NaN,120,2022-09-28,pRLessThanOne,NaN,NaN
0.11724,NaN,NaN,NaN,121,2022-09-29,pRLessThanOne,NaN,NaN
0.15864,NaN,NaN,NaN,122,2022-09-30,pRLessThanOne,NaN,NaN
