"date","total_daily_copies","nPopInCatchment","nGenomeCopies","wwDataIsValid"
2021-06-01,0,228000,0,TRUE
2021-06-02,14247480000,1115000,12778.0089686099,TRUE
2021-06-03,0,232000,0,TRUE
2021-06-07,16318440000,1115000,14635.3721973094,TRUE
2021-06-08,71743808000,963000,74500.3198338525,TRUE
2021-06-09,71743808000,1603000,44755.9625701809,TRUE
2021-06-10,14247480000,120000,118729,TRUE
2021-06-13,14247480000,120000,118729,TRUE
2021-06-14,0,1643000,0,TRUE
2021-06-15,14247480000,566000,25172.2261484099,TRUE
2021-06-16,71743808000,1363000,52636.6896551724,TRUE
2021-06-17,0,168000,0,TRUE
2021-06-21,14247480000,1523000,9354.87852921865,TRUE
2021-06-22,0,1022000,0,TRUE
2021-06-23,34212120000,1515000,22582.2574257426,TRUE
2021-06-24,0,400000,0,TRUE
2021-06-25,0,449000,0,TRUE
2021-06-26,0,449000,0,TRUE
2021-06-27,0,449000,0,TRUE
2021-06-28,14247480000,2212000,6440.99457504521,TRUE
2021-06-29,0,677000,0,TRUE
2021-06-30,0,1804000,0,TRUE
2021-07-01,0,400000,0,TRUE
2021-07-05,14247480000,2149000,6629.81852024197,TRUE
2021-07-06,0,396000,0,TRUE
2021-07-07,14247480000,1115000,12778.0089686099,TRUE
2021-07-08,0,168000,0,TRUE
2021-07-12,14247480000,1499000,9504.65643762508,TRUE
2021-07-13,0,1058000,0,TRUE
2021-07-14,14247480000,525000,27138.0571428571,TRUE
2021-07-15,35145432000,386000,91050.3419689119,TRUE
2021-07-19,21936480000,1205000,18204.5477178423,TRUE
2021-07-20,14929992000,558000,26756.2580645161,TRUE
2021-07-21,56193840000,1124000,49994.5195729537,TRUE
2021-07-22,14929992000,892000,16737.6591928251,TRUE
2021-07-24,0,88000,0,TRUE
2021-07-25,0,88000,0,TRUE
2021-07-26,14247480000,2527000,5638.100514444,TRUE
2021-07-27,0,456000,0,TRUE
2021-07-28,0,1872900,0,TRUE
2021-07-29,0,533000,0,TRUE
2021-08-02,71743808000,2253000,31843.678650688,TRUE
2021-08-03,0,389000,0,TRUE
2021-08-04,71743808000,492000,145820.74796748,TRUE
2021-08-05,0,614000,0,TRUE
2021-08-09,14247480000,2355000,6049.88535031847,TRUE
2021-08-10,0,655000,0,TRUE
2021-08-11,0,1838000,0,TRUE
2021-08-12,0,742000,0,TRUE
2021-08-13,14247480000,120000,118729,TRUE
2021-08-16,160604050000,2355000,68197.0488322718,TRUE
2021-08-17,151613311500,891300,170103.569505217,TRUE
2021-08-18,66630090000,2227760,29909.0072539232,TRUE
2021-08-19,28581840000,990600,28853.0587522714,TRUE
2021-08-20,499508397000,2009660,248553.684205288,TRUE
2021-08-21,420377700000,2154720,195096.207395857,TRUE
2021-08-22,442870052500,1782320,248479.539308317,TRUE
2021-08-23,438098040000,2556550,171362.985273122,TRUE
2021-08-24,43997418500,1293060,34025.8135740028,TRUE
2021-08-25,280892840000,1548220,181429.53843769,TRUE
2021-08-26,910554910000,2520900,361202.312666111,TRUE
2021-08-27,876589435000,1874400,467664.017819035,TRUE
2021-08-28,35145432000,400000,87863.58,TRUE
2021-08-30,364560930000,2216720,164459.620520409,TRUE
2021-08-31,326105760000,2389490,136475.046976551,TRUE
2021-09-01,35145432000,1304100,26949.9516908213,TRUE
2021-09-02,233083215000,2350480,99164.092015248,TRUE
2021-09-03,168465250000,2215600,76035.9496298971,TRUE
2021-09-05,0,84000,0,TRUE
2021-09-06,603243690000,2428900,248360.858824983,TRUE
2021-09-07,4.43e+08,1022400,433.29420970266,TRUE
2021-09-08,817610762900,2655500,307893.339446432,TRUE
2021-09-09,637997500,887310,719.024354509698,TRUE
2021-09-10,168309400000,2155000,78101.8097447796,TRUE
2021-09-13,126579640000,2613970,48424.2894906981,TRUE
2021-09-14,757498000,1014450,746.708068411455,TRUE
2021-09-15,130861787800,2741940,47725.9851783774,TRUE
2021-09-16,0,1025130,0,TRUE
2021-09-17,148783142800,2016660,73777.008915732,TRUE
2021-09-19,0,65000,0,TRUE
2021-09-20,426273570000,2488566,171292.852992446,TRUE
2021-09-21,36228240000,1234720,29341.2595568226,TRUE
2021-09-22,484352200000,2089790,231770.752085138,TRUE
2021-09-23,8818900000,1042596,8458.59757758518,TRUE
2021-09-24,108221440000,1252160,86427.8047533862,TRUE
2021-09-25,63671520000,240000,265298,TRUE
2021-09-27,646458770000,2482514,260404.883920091,TRUE
2021-09-28,0,1070420,0,TRUE
2021-09-29,467018315000,1780142,262348.910929578,TRUE
2021-09-30,0,1075520,0,TRUE
2021-10-01,260894085000,1455460,179251.978755857,TRUE
2021-10-03,0,4000,0,TRUE
2021-10-04,321640190000,2612800,123101.726117575,TRUE
2021-10-05,45241419600,797520,56727.6301534758,TRUE
2021-10-06,518549741080,2400856,215985.357339216,TRUE
2021-10-07,42651802600,1303916,32710.5446976646,TRUE
2021-10-08,238895192840,1558946,153241.480359166,TRUE
2021-10-11,716511210000,2824400,253686.166973516,TRUE
2021-10-12,40718737960,828950,49120.8612823451,TRUE
2021-10-13,427665081200,2358690,181314.662460942,TRUE
2021-10-14,125902732640,1331950,94525.1192912647,TRUE
2021-10-15,363196394160,1400160,259396.350531368,TRUE
2021-10-17,0,149000,0,TRUE
2021-10-18,1373293865000,2590416,530144.140941069,TRUE
2021-10-19,105285487940,843040,124887.89136933,TRUE
2021-10-20,369719566800,1194786,309444.173935751,TRUE
2021-10-21,1652788210500,2413850,684710.404747602,TRUE
2021-10-22,295251975400,267660,1103085.9127251,TRUE
2021-10-25,0,213500,0,TRUE
2021-10-26,181590901542,1665206,109050.112443746,TRUE
2021-10-27,1570312138700,2404820,652985.312289485,TRUE
2021-10-28,127939835560,1572666,81352.1978347596,TRUE
2021-10-29,202253391800,741900,272615.435773015,TRUE
2021-10-30,71743808000,368000,194956,TRUE
2021-10-31,71743808000,368000,194956,TRUE
2021-11-01,1760640851078,2681386,656615.963191424,TRUE
2021-11-02,144470038780,1308590,110401.301232624,TRUE
2021-11-03,123686647032,951286,130020.463910958,TRUE
2021-11-04,1015085357650,2613650,388378.458343696,TRUE
2021-11-05,0,27660,0,TRUE
2021-11-06,1194999300,386910,3088.57176087462,TRUE
2021-11-07,4282443000,385400,11111.683964712,TRUE
2021-11-08,460263397104,2385756,192921.403992697,TRUE
2021-11-09,36870382200,840070,43889.6546716345,TRUE
2021-11-10,15856649782,875946,18102.3142773641,TRUE
2021-11-11,97121920470,1342330,72353.2368866076,TRUE
2021-11-12,125152486600,438460,285436.497285955,TRUE
2021-11-13,8993118800,40400,222601.95049505,TRUE
2021-11-14,1194999300,95600,12499.9926778243,TRUE
2021-11-15,139392680967,1813207,76876.3196739258,TRUE
2021-11-16,99309572350,1106130,89781.1038033504,TRUE
2021-11-17,294902314712,918947,320913.300453671,TRUE
2021-11-18,2005034768111,2344570,855182.301279552,TRUE
2021-11-19,3714992334,396354,9372.91495481312,TRUE
2021-11-20,1194999300,9900,120707,TRUE
2021-11-22,1240204583282,2639156,469924.696865968,TRUE
2021-11-23,54302594559,935934,58019.6836091006,TRUE
2021-11-24,184293759970,1103387,167025.495107338,TRUE
2021-11-25,307106639170,1314694,233595.528062043,TRUE
2021-11-26,0,379300,0,TRUE
2021-11-27,0,8034,0,TRUE
2021-11-29,113799173482,1610936,70641.6477637845,TRUE
2021-11-30,52675975640,1269341,41498.6797401171,TRUE
2021-12-01,33983348820,763876,44488.0436353544,TRUE
2021-12-02,145639529070,1394485,104439.652681814,TRUE
2021-12-03,71743808000,377900,189848.658375232,TRUE
2021-12-04,0,8034,0,TRUE
2021-12-05,0,65000,0,TRUE
2021-12-06,141389336034,1674466,84438.4633871336,TRUE
2021-12-07,195655936980,1292932,151327.321916388,TRUE
2021-12-08,518331082482,1829325,283345.541378377,TRUE
2021-12-09,185245430060,1281830,144516.378973811,TRUE
2021-12-10,71743808000,382100,187761.863386548,TRUE
2021-12-13,58441715500,1650186,35415.2292529448,TRUE
2021-12-14,270654787401,1158997,233525.011195887,TRUE
2021-12-15,309950415639,2179393,142218.689166662,TRUE
2021-12-16,521104120000,1108590,470060.274763438,TRUE
2021-12-17,71743808000,381300,188155.803829006,TRUE
2021-12-19,11831985000,55000,215127,TRUE
2021-12-20,279562516763,1613924,173219.133467871,TRUE
2021-12-21,259017141181,897151,288710.753464021,TRUE
2021-12-22,386315694320,2411080,160225.166448231,TRUE
2021-12-23,51171351000,437000,117096.913043478,TRUE
2021-12-28,0,20700,0,TRUE
2021-12-29,455842897820,3151319,144651.461124691,TRUE
2021-12-30,6027450000,126783,47541.46849341,TRUE
2021-12-31,0,40000,0,TRUE
2022-01-05,262568107520,2198509,119430.080804764,TRUE
2022-01-06,49085507440,487430,100702.680261781,TRUE
2022-01-07,0,381100,0,TRUE
2022-01-10,25635317000,1598172,16040.3992811787,TRUE
2022-01-11,140244684000,954883,146871.065879275,TRUE
2022-01-12,7536428182,843617,8933.4712102767,TRUE
2022-01-13,246657131600,1196580,206135.094686523,TRUE
2022-01-14,0,382300,0,TRUE
2022-01-16,0,65000,0,TRUE
2022-01-17,91955959800,1710430,53761.8960144525,TRUE
2022-01-18,227413726800,1139507,199572.031413585,TRUE
2022-01-19,40079879600,882546,45413.9269794436,TRUE
2022-01-20,72182803100,969627,74443.8872886172,TRUE
2022-01-21,0,382300,0,TRUE
2022-01-24,234671335282,2342146,100195.007178032,TRUE
2022-01-25,366528126400,3858626,94989.2854088476,TRUE
2022-01-26,136654085564,1247417,109549.64183108,TRUE
2022-01-27,114543915381,1108567,103326.109636134,TRUE
2022-01-28,69208288000,409300,169089.391644271,TRUE
2022-01-31,95194605600,1132690,84042.9469669548,TRUE
2022-02-01,1229623459200,2212277,555818.036891402,TRUE
2022-02-02,123420654100,1157880,106591.921529001,TRUE
2022-02-03,189663290300,1108581,171086.542435781,TRUE
2022-02-04,53548871500,258814,206900.98487717,TRUE
2022-02-07,9903649400,240660,41152.037729577,TRUE
2022-02-08,271644035800,1672647,162403.684578994,TRUE
2022-02-09,2202705066820,2442477,901832.470406067,TRUE
2022-02-10,598953523800,1370309,437093.767756032,TRUE
2022-02-11,142079648000,381194,372722.67664234,TRUE
2022-02-14,504133228700,1505080,334954.440096207,TRUE
2022-02-15,1093904900220,1282527,852929.334212847,TRUE
2022-02-16,4801915296490,2443296,1965343.24801007,TRUE
2022-02-17,989641150800,1238281,799205.633293251,TRUE
2022-02-18,547280668400,381617,1434109.77079113,TRUE
2022-02-21,3484282854500,1697979,2052017.63655499,TRUE
2022-02-22,4639750816297,1247096,3720443.98851171,TRUE
2022-02-23,113275085552023,3412376,33195370.4843848,TRUE
2022-02-24,6885033702278,1144994,6013161.38100112,TRUE
2022-02-25,582607080,5320,109512.609022556,TRUE
2022-02-28,33079219195680,2657460,12447682.8233275,TRUE
2022-03-01,9765648236152,954162,10234790.5661219,TRUE
2022-03-02,8971535075580,1030702,8704295.78634756,TRUE
2022-03-03,44225636913315,1289203,34304633.8810218,TRUE
2022-03-04,1476184458000,42000,35147249,TRUE
2022-03-07,96193749432168,2839169,33880952.2899722,TRUE
2022-03-08,28507486827551,1188128,23993615.8625594,TRUE
2022-03-09,85287224676704,3471430,24568326.2162002,TRUE
2022-03-10,58956881153863,1357766,43421974.886588,TRUE
2022-03-11,43009561892676,1409794,30507692.5371196,TRUE
2022-03-14,28997044746599,2683065,10807432.8227602,TRUE
2022-03-15,39832925147694,1197820,33254516.6616804,TRUE
2022-03-16,46338161718469,3916430,11831734.9521041,TRUE
2022-03-17,14328736121181,885424,16182909.116063,TRUE
2022-03-18,6716265478740,435500,15421964.3599082,TRUE
2022-03-20,72692870800,4400,16521107,TRUE
2022-03-21,22471766731400,2531300,8877559.64579465,TRUE
2022-03-22,17942089378486,1334485,13444953.954886,TRUE
2022-03-23,39131239617432,3785067,10338321.5191256,TRUE
2022-03-24,15603218339289,954519,16346681.7730071,TRUE
2022-03-25,6096868823328,438366,13908169.938654,TRUE
2022-03-27,1722739920000,240000,7178083,TRUE
2022-03-28,20563598861123,2526479,8139232.05422368,TRUE
2022-03-29,25645479756802,1463876,17518888.0457102,TRUE
2022-03-30,50573075445569,3702970,13657435.9083571,TRUE
2022-03-31,15062806001263,740701,20335879.1216199,TRUE
2022-04-01,8349587264570,451594,18489145.7029323,TRUE
2022-04-04,18327144863100,2779800,6592972.4667602,TRUE
2022-04-05,13262753671747,1387537,9558486.49206976,TRUE
2022-04-06,28990673006526,3715471,7802691.23525012,TRUE
2022-04-07,10248507442161,789579,12979711.2665876,TRUE
2022-04-08,5608784422440,477000,11758457.9086792,TRUE
2022-04-11,11843853321020,2776450,4265826.26051973,TRUE
2022-04-12,11774473675282,1352017,8708820.72879409,TRUE
2022-04-13,28381857093736,3917859,7244226.27096483,TRUE
2022-04-14,1273385641100,142300,8948599.02389318,TRUE
2022-04-18,12180825306100,2478500,4914595.64498689,TRUE
2022-04-19,NA,1179717,NA,FALSE
2022-04-20,22023373882365,4154035,5301682.31186425,TRUE
2022-04-21,8869840638922,903660,9815462.27444172,TRUE
2022-04-22,5707060932106,415394,13738910.3648729,TRUE
2022-04-25,5280455743100,1310500,4029344.32895841,TRUE
2022-04-26,12784847582359,1413829,9042711.37624069,TRUE
2022-04-27,37519373291324,3662427,10244401.6744427,TRUE
2022-04-28,11834641152576,1063460,11128430.9260113,TRUE
2022-04-29,4915462546278,407394,12065623.3186498,TRUE
2022-05-01,1102922880000,240000,4595512,TRUE
2022-05-02,16460210225118,2490816,6608360.56341295,TRUE
2022-05-03,9001238206556,1258021,7155077.86162234,TRUE
2022-05-04,7269438110961,1046139,6948826.21808479,TRUE
2022-05-05,13800047470741,1270181,10864630.6870761,TRUE
2022-05-06,6268740075100,392110,15987197.6616256,TRUE
2022-05-09,35691804951330,2682909,13303397.5253466,TRUE
2022-05-10,17198061182204,1406317,12229149.7451883,TRUE
2022-05-11,31308785955752,2359177,13271062.7289737,TRUE
2022-05-12,13580354811323,983704,13805326.4105086,TRUE
2022-05-13,4236107542474,410194,10327083.1423034,TRUE
2022-05-15,2386009680000,240000,9941707,TRUE
2022-05-16,24336247664971,2469679,9854012.47083973,TRUE
2022-05-17,11421743973397,1138151,10035350.2948176,TRUE
2022-05-18,35251497309662,3953390,8916777.07224989,TRUE
2022-05-19,15749659831490,619303,25431266.8136437,TRUE
2022-05-20,44144234240932,401694,109895179.517075,TRUE
2022-05-22,5068514210000,305000,16618079.3770492,TRUE
2022-05-23,24586302701496,2396354,10259879.2588641,TRUE
2022-05-24,16022932542290,1364497,11742739.2968178,TRUE
2022-05-25,31887491715541,3590026,8882245.34182789,TRUE
2022-05-26,8429834389585,834685,10099420.0082486,TRUE
2022-05-27,9686533042186,393394,24622981.1389752,TRUE
2022-05-29,2722185840000,240000,11342441,TRUE
2022-05-30,24104342922323,2463932,9782876.68747474,TRUE
2022-05-31,9406437868145,1427328,6590242.65490833,TRUE
2022-06-01,25305841547571,3632992,6965564.89735485,TRUE
2022-06-02,5226730366908,637271,8201738.92568154,TRUE
2022-06-03,3180575041726,429394,7407125.02206831,TRUE
2022-06-06,19718221042100,1607500,12266389.4507621,TRUE
2022-06-07,12100566682100,1583080,7643686.15742729,TRUE
2022-06-08,17790227409035,3772546,4715708.54511383,TRUE
2022-06-09,7739100347266,1013098,7639044.14702822,TRUE
2022-06-10,4501405827200,557100,8080067.90019745,TRUE
2022-06-12,4174359360000,240000,17393164,TRUE
2022-06-13,16815810654446,2456364,6845813.83477612,TRUE
2022-06-14,9118175079153,1401628,6505417.32838742,TRUE
2022-06-15,26728909496778,3507289,7620960.09104981,TRUE
2022-06-16,5861143083541,921443,6360830.87455328,TRUE
2022-06-17,5877478672000,386000,15226628.6839378,TRUE
2022-06-19,12905230000,65000,198542,TRUE
2022-06-20,34890657170812,3659394,9534545.11069647,TRUE
2022-06-21,5579850123344,939497,5939188.86738755,TRUE
2022-06-22,26150494321982,3165043,8262287.21757714,TRUE
2022-06-23,1375043905300,144400,9522464.71814404,TRUE
2022-06-24,6635724728000,386000,17190996.7046632,TRUE
2022-06-27,18314259900591,1591413,11508175.3765936,TRUE
2022-06-28,12440161162266,1330976,9346645.74137024,TRUE
2022-06-29,53754796047399,3673823,14631841.5577993,TRUE
2022-06-30,6768080800888,757681,8932625.7368048,TRUE
2022-07-01,5572565226000,386000,14436697.4766839,TRUE
2022-07-04,55834144925996,3636734,15352826.1693036,TRUE
2022-07-05,57228609087743,1454078,39357317.2056403,TRUE
2022-07-06,53947374221591,1384772,38957585.9575374,TRUE
2022-07-07,26969070205587,823360,32754894.828006,TRUE
2022-07-08,40878442305000,386000,105902700.272021,TRUE
2022-07-11,84088642804688,2518445,33389112.2516823,TRUE
2022-07-12,9300505077331,1097476,8474449.6256237,TRUE
2022-07-13,54459806306350,3889440,14001965.9144633,TRUE
2022-07-14,6258583511410,669853,9343219.35023057,TRUE
2022-07-15,13140851193000,426000,30847068.528169,TRUE
2022-07-17,238640545000,65000,3671393,TRUE
2022-07-18,18560044915502,1201664,15445286.6321218,TRUE
2022-07-19,36070245311658,2652727,13597420.8094757,TRUE
2022-07-20,43389171734031,1454759,29825676.7849733,TRUE
2022-07-21,20910542774018,1886964,11081580.1329639,TRUE
2022-07-22,2598167953600,388800,6682530.74485597,TRUE
2022-07-25,94710124675586,2523164,37536253.9555835,TRUE
2022-07-26,13285932088747,1060137,12532278.4590548,TRUE
2022-07-27,46470126502546,3992940,11638072.8241712,TRUE
2022-07-28,6300235171900,591900,10644087.1294138,TRUE
2022-07-29,5831768447594,393283,14828427.48757,TRUE
2022-08-01,25262229638540,2711664,9316135.64163554,TRUE
2022-08-02,11215727947895,1075178,10431508.0367111,TRUE
2022-08-03,38776190072743,2680523,14465904.6285904,TRUE
2022-08-04,6701087620378,712179,9409274.38239263,TRUE
2022-08-05,4683944319000,386000,12134570.7746114,TRUE
2022-08-08,33022888324620,2487554,13275244.8086032,TRUE
2022-08-09,8562602561865,1208908,7082923.2347416,TRUE
2022-08-10,22613214472378,2675062,8453342.19258395,TRUE
2022-08-11,9273656601474,723611,12815803.79717,TRUE
2022-08-12,1717929497600,397100,4326188.61143289,TRUE
2022-08-14,260723190000,65000,4011126,TRUE
2022-08-15,15520739835900,1467200,10578475.8968784,TRUE
2022-08-16,10869831079373,1322842,8217029.00223383,TRUE
2022-08-17,15752749934019,2239982,7032534.16055084,TRUE
2022-08-18,5977299367170,914690,6534781.58411046,TRUE
2022-08-19,1191723509200,388800,3065132.48251029,TRUE
2022-08-22,16137933127477,2679633,6022441.55355491,TRUE
2022-08-23,5155979996211,1048367,4918105.96500176,TRUE
2022-08-24,13243167682260,2587663,5117810.04027959,TRUE
2022-08-25,3038947763593,643751,4720688.221988,TRUE
2022-08-26,913486158000,386000,2366544.4507772,TRUE
2022-08-29,6127498304910,1584834,3866334.45831551,TRUE
2022-08-30,10380128379113,2546380,4076425.50566412,TRUE
2022-08-31,4253073658580,1160789,3663950.69093522,TRUE
2022-09-01,7749330025594,1892251,4095297.09620658,TRUE
2022-09-02,1318242743000,386000,3415136.63989637,TRUE
2022-09-05,20766869390478,3732609,5563633.74531809,TRUE
2022-09-06,4244974568398,1460412,2906696.58178514,TRUE
2022-09-07,10703683307477,3547382,3017347.24579338,TRUE
2022-09-08,2055085733780,742811,2766633.41520252,TRUE
2022-09-09,895242030000,386000,2319279.87046632,TRUE
2022-09-11,5419994900,22900,236681,TRUE
2022-09-12,12222146814030,2114559,5779998.01094696,TRUE
2022-09-13,2606513776369,921357,2828994.38151444,TRUE
2022-09-14,15396368774612,3658228,4208695.78785467,TRUE
2022-09-15,2262708324700,918710,2462919.01111341,TRUE
2022-09-16,1812174949600,400100,4529305.04773807,TRUE
2022-09-17,303381364000,169000,1795156,TRUE
2022-09-18,482417936000,169000,2854544,TRUE
2022-09-19,8339629423640,2666443,3127623.3632746,TRUE
2022-09-20,3131076209020,1189796,2631607.61090136,TRUE
2022-09-21,7879773860223,2582163,3051617.52384454,TRUE
2022-09-22,2838807642220,723620,3923064.0974821,TRUE
2022-09-23,972536358400,394300,2466488.3550596,TRUE
2022-09-24,1367994956,8034,170275.697784416,TRUE
2022-09-26,4135991741400,1655500,2498333.88184838,TRUE
2022-09-27,6417403655220,1518120,4227204.47344083,TRUE
2022-09-28,12439299581183,3298147,3771602.53353868,TRUE
2022-09-29,4981479429741,1315150,3787765.22050032,TRUE
2022-10-03,6006580214350,2100830,2859146.24903015,TRUE
2022-10-04,5191603823994,1520921,3413460.54396908,TRUE
2022-10-05,13533368256769,2455682,5511042.65811656,TRUE
2022-10-06,NA,1003951,NA,FALSE
2022-10-10,12654481877518,2557264,4948445.63467753,TRUE
2022-10-11,5133541260139,1071327,4791759.43492416,TRUE
2022-10-12,7753584371779,2168113,3576190.15788338,TRUE
2022-10-13,13392854184980,1199579,11164628.7447346,TRUE
2022-10-16,11415999270000,1825000,6255342.06575342,TRUE
2022-10-17,6706988192306,1342684,4995209.73833456,TRUE
2022-10-18,3332753884984,1017666,3274899.51023617,TRUE
2022-10-19,9030088349589,1909836,4728200.92907925,TRUE
2022-10-20,10199097417580,1014620,10052135.2009422,TRUE
2022-10-21,3826486000,19000,201394,TRUE
2022-10-24,8767586020100,1528500,5736071.97912987,TRUE
2022-10-25,7110114801543,1619179,4391185.16330992,TRUE
2022-10-26,11915252672416,2313417,5150499.31439771,TRUE
2022-10-27,14320829953340,1265663,11314883.9409385,TRUE
2022-10-28,446164893100,37900,11772160.76781,TRUE
2022-10-30,350904960000,240000,1462104,TRUE
2022-10-31,11606222675148,2399579,4836774.5655167,TRUE
2022-11-01,5080809380298,1068037,4757147.34629793,TRUE
2022-11-02,6345960447820,2189880,2897857.62133998,TRUE
2022-11-03,6103688881998,944333,6463492.09653586,TRUE
2022-11-04,49669360000,9100,5458171.42857143,TRUE
2022-11-06,1673749200000,240000,6973955,TRUE
2022-11-07,13029410584985,2241584,5812590.82192994,TRUE
2022-11-08,5680655344087,1154927,4918627.18949942,TRUE
2022-11-09,5760605401272,1229959,4683575.14459588,TRUE
2022-11-10,4822972246778,1186989,4063198.77166343,TRUE
2022-11-13,11609455000,65000,178607,TRUE
2022-11-14,8523448901490,2664430,3198976.479581,TRUE
2022-11-15,4052062736504,1103160,3673141.463164,TRUE
2022-11-16,11461090729522,3254639,3521462.973166,TRUE
2022-11-17,3233053976900,1092100,2960401.04102188,TRUE
2022-11-18,12165486140,16710,728036.274087373,TRUE
2022-11-21,13300969159000,3874600,3432862.53006762,TRUE
2022-11-22,4663144980898,1138036,4097537.31946793,TRUE
2022-11-23,9915707904460,1139880,8698905.06409447,TRUE
2022-11-24,3925848543665,1048143,3745527.60803154,TRUE
2022-11-28,19988524557982,2730633,7320106.56795769,TRUE
2022-11-29,6420233014717,1135127,5655960.0949647,TRUE
2022-11-30,26699203633740,2993280,8919714.70552037,TRUE
2022-12-01,8804606018143,1063279,8280616.8636294,TRUE
2022-12-02,95768250640,4610,20774024,TRUE
2022-12-03,203092565000,65000,3124501,TRUE
2022-12-04,3333056400000,240000,13887735,TRUE
2022-12-05,36558312506840,3505030,10430242.3964531,TRUE
2022-12-06,8595809987569,1022427,8407260.35948679,TRUE
2022-12-07,44080241053603,3584259,12298285.6578174,TRUE
2022-12-08,10915043890810,939133,11622468.6927304,TRUE
2022-12-11,5334928080000,240000,22228867,TRUE
2022-12-12,46939444701400,3582200,13103524.287142,TRUE
2022-12-13,17135852837861,1060727,16154819.1361783,TRUE
2022-12-14,56457282328588,3352851,16838589.7042809,TRUE
2022-12-15,18338616489221,974989,18809049.6295045,TRUE
2022-12-19,24327403386708,2850509,8534406.7977712,TRUE
2022-12-20,12565081847506,1125316,11165825.2859695,TRUE
2022-12-21,34629049005120,3276580,10568656.649653,TRUE
2022-12-27,4082024160000,240000,17008434,TRUE
2022-12-28,4191489088000,368000,11389916,TRUE
2022-12-30,7379013110000,1115000,6617948.97757848,TRUE
2023-01-02,12694845735000,2265000,5604788.40397351,TRUE
2023-01-03,1293415680000,240000,5389232,TRUE
2023-01-04,10865568895000,2265000,4797160.66004415,TRUE
2023-01-05,2238726528000,368000,6083496,TRUE
2023-01-06,12977360345000,2265000,5729518.91611479,TRUE
2023-01-08,1335755040000,240000,5565646,TRUE
2023-01-09,12251098938410,3581830,3420346.28623078,TRUE
2023-01-10,2242976191480,954120,2350832.38112606,TRUE
2023-01-11,8819415291832,3368741,2618015.24422091,TRUE
2023-01-12,3054006914203,898279,3399842.26972132,TRUE
2023-01-13,1070371236660,244610,4375827.79387597,TRUE
2023-01-16,7568066966011,3566684,2121877.62246697,TRUE
2023-01-17,3361531793061,1200106,2801029.06998299,TRUE
2023-01-18,1681778710200,967660,1737985.14994936,TRUE
2023-01-19,5829445887742,1134709,5137392.83617386,TRUE
2023-01-23,4696858397020,3389830,1385573.43495692,TRUE
2023-01-24,3115509786208,1161196,2683018.0143645,TRUE
2023-01-25,3498350116908,1146759,3050641.08230936,TRUE
2023-01-26,2470980621439,1083674,2280188.15754461,TRUE
2023-01-27,49608382200,64200,772716.23364486,TRUE
2023-01-30,3926154597571,3378354,1162150.14695648,TRUE
2023-01-31,1749378313876,1048796,1667987.20997792,TRUE
2023-02-01,1287550647980,1092860,1178147.83959519,TRUE
2023-02-02,1702244900927,735699,2313779.00598886,TRUE
2023-02-03,7893499000,31000,254629,TRUE
2023-02-06,2730464162600,1116500,2445556.79587998,TRUE
2023-02-07,3382258488013,1670819,2024311.72258216,TRUE
2023-02-08,5657272254966,3127341,1808971.98449609,TRUE
2023-02-09,4182180049424,1263279,3310575.137736,TRUE
2023-02-13,3931843911520,3609420,1089328.45485424,TRUE
2023-02-14,1361891506300,680100,2002487.14350831,TRUE
2023-02-15,4314386463930,3342700,1290689.10280013,TRUE
2023-02-16,1952618939877,989579,1973181.46391243,TRUE
2023-02-20,6964711997174,3427309,2032122.57697628,TRUE
2023-02-21,1785653649400,1006600,1773945.60838466,TRUE
2023-02-22,7504675650061,3226721,2325790.06677708,TRUE
2023-02-23,2448716496900,1163800,2104069.85470012,TRUE
2023-02-26,133124615000,65000,2048071,TRUE
2023-02-27,8175206304058,3401309,2403547.07674545,TRUE
2023-02-28,1566964079460,820620,1909488.044966,TRUE
2023-03-01,3661163960953,968367,3780760.7662725,TRUE
2023-03-02,3725975564239,1129443,3298949.62759431,TRUE
2023-03-03,36518656000,4000,9129664,TRUE
2023-03-06,11225110951490,3675530,3054011.51711182,TRUE
2023-03-07,2701179465275,1042799,2590316.50900605,TRUE
2023-03-08,11647376071175,3195067,3645424.67221345,TRUE
2023-03-09,3973528096604,1020843,3892398.82783543,TRUE
2023-03-10,15576818900,33200,469181.292168675,TRUE
2023-03-13,6736481076000,3741000,1800716.67361668,TRUE
2023-03-14,4784413664873,873309,5478488.90240797,TRUE
2023-03-15,5603073919949,3128377,1791048.17608268,TRUE
2023-03-16,2435552025410,1012533,2405405.08349851,TRUE
2023-03-20,7332273205800,3698000,1982767.22709573,TRUE
2023-03-21,6235333996440,915809,6808552.87122096,TRUE
2023-03-22,7640740176937,3189467,2395616.62714711,TRUE
2023-03-23,3140147298035,1063833,2951729.54592967,TRUE
2023-03-24,12693404400,5800,2188518,TRUE
2023-03-25,124937995000,65000,1922123,TRUE
2023-03-26,114674495000,65000,1764223,TRUE
2023-03-27,6471715324935,1904109,3398815.57459946,TRUE
2023-03-28,3857281542113,1023327,3769353.82542726,TRUE
2023-03-29,10571716419915,2126939,4970390.03935468,TRUE
2023-03-30,3307037633673,1049654,3150597.84812233,TRUE
2023-03-31,29983736000,4000,7495934,TRUE
2023-04-02,46277023500,20700,2235605,TRUE
2023-04-03,11567544547910,2407750,4804296.35465061,TRUE
2023-04-04,9551984973667,1068309,8941219.22933065,TRUE
2023-04-05,12535393853886,4012767,3123877.82641903,TRUE
2023-04-06,256843608000,84000,3057662,TRUE
2023-04-10,3115777887000,1284000,2426618.29205607,TRUE
2023-04-11,NA,1156240,NA,FALSE
2023-04-12,15023512108154,3546366,4236311.79301685,TRUE
2023-04-13,5332164097057,1157657,4605996.50592274,TRUE
2023-04-17,7176036920150,2432730,2949787.65426085,TRUE
2023-04-18,5811197033635,983527,5908528.21898636,TRUE
2023-04-19,9880635221170,1895390,5212982.66909185,TRUE
2023-04-20,2069020884400,661400,3128244.45781675,TRUE
2023-04-22,67567305000,65000,1039497,TRUE
2023-04-23,59556185000,65000,916249,TRUE
2023-04-24,8102762038850,2543730,3185386.04287798,TRUE
2023-04-25,1097785573400,427800,2566118.68489949,TRUE
2023-04-26,9791695982420,3242290,3019993.88778302,TRUE
2023-04-27,3202800274000,769500,4162183.59194282,TRUE
2023-04-28,253816111359,99807,2543069.23721783,TRUE
2023-05-01,11128740986950,3714230,2996244.44015314,TRUE
2023-05-02,NA,1076020,NA,FALSE
2023-05-03,10706362995468,3580297,2990356.10606271,TRUE
2023-05-04,3116219389100,618600,5037535.38490139,TRUE
2023-05-08,7587732670300,2409500,3149090.13085702,TRUE
2023-05-09,NA,888110,NA,FALSE
2023-05-10,2970209413989,3433087,865171.61201828,TRUE
2023-05-11,1875790637600,603800,3106642.32792315,TRUE
2023-05-12,19774764000,33200,595625.421686747,TRUE
2023-05-15,11204453207900,3723500,3009118.6270713,TRUE
2023-05-16,2353818427580,968130,2431304.08889302,TRUE
2023-05-17,7821270312101,3699487,2114149.96514409,TRUE
2023-05-18,1287520197600,585900,2197508.44444444,TRUE
2023-05-22,7731849009700,3448300,2242220.51726938,TRUE
2023-05-23,4927707507440,1052330,4682663.71522241,TRUE
2023-05-24,6491559845459,2393487,2712176.77198957,TRUE
2023-05-25,2186928811000,626700,3489594.40082974,TRUE
2023-05-26,22990631600,5800,3963902,TRUE
2023-05-29,12959360753400,2674900,4844801.95648435,TRUE
2023-05-30,NA,888720,NA,FALSE
2023-05-31,12949493679852,3912097,3310115.69494621,TRUE
2023-06-01,2244838188600,630800,3558716.21528218,TRUE
2023-06-05,9204947564900,2388500,3853861.23713628,TRUE
2023-06-06,NA,1342400,NA,FALSE
2023-06-07,8894693522078,3764887,2362539.30651252,TRUE
2023-06-08,1836887672040,768010,2391749.68039479,TRUE
2023-06-09,355011968000,5800,61208960,TRUE
2023-06-12,6795384124020,3618020,1878205.2404409,TRUE
2023-06-13,1985014810200,943400,2104107.28238287,TRUE
2023-06-14,4257187019400,3796300,1121404.26715486,TRUE
2023-06-15,1289724588320,642220,2008228.62620286,TRUE
2023-06-19,4433503044700,2578600,1719345.01074226,TRUE
2023-06-20,3581627744180,2192420,1633641.24765328,TRUE
2023-06-21,7850537578500,3588800,2187510.47104882,TRUE
2023-06-22,1380614824800,610200,2262561.16814159,TRUE
2023-06-23,77521735200,33200,2334992.02409639,TRUE
2023-06-26,4740431509500,3782000,1253419.22514543,TRUE
2023-06-27,2696144597040,916520,2941719.32640859,TRUE
2023-06-28,2804521019600,3739700,749932.08535444,TRUE
2023-06-29,1121840550700,579700,1935208.81611178,TRUE
2023-07-02,49651693000,169000,293797,TRUE
2023-07-03,6883245179900,3657500,1881953.56935065,TRUE
2023-07-04,2196879052840,993920,2210317.78497263,TRUE
2023-07-05,4878219742840,3681920,1324911.93258952,TRUE
2023-07-06,1262721548800,629500,2005911.91231136,TRUE
2023-07-07,697170960000,240000,2904879,TRUE
2023-07-10,4576353189800,3341300,1369632.53518092,TRUE
2023-07-11,2181913690040,895920,2435388.97450665,TRUE
2023-07-12,1481050927080,1254320,1180760.0349831,TRUE
2023-07-13,245990364000,124000,1983793.25806452,TRUE
2023-07-17,2450204220400,2217300,1105039.56180941,TRUE
2023-07-18,1148759292800,969920,1184385.61200924,TRUE
2023-07-19,3714818270660,3664620,1013698.08347387,TRUE
2023-07-20,476889852300,514200,927440.397316219,TRUE
2023-07-23,32376435000,65000,498099,TRUE
2023-07-24,2644610622300,3839500,688790.369136606,TRUE
2023-07-25,NA,910620,NA,FALSE
2023-07-26,4179795928600,3738920,1117915.31474329,TRUE
2023-07-27,614336484400,602200,1020153.57754899,TRUE
2023-07-31,3269402311200,2625000,1245486.59474286,TRUE
2023-08-01,903375385920,851620,1060772.86338977,TRUE
2023-08-02,4690049962280,3599720,1302892.99231051,TRUE
2023-08-03,NA,692200,NA,FALSE
2023-08-04,6068475000,35000,173385,TRUE
2023-08-07,6800928672160,3749220,1813958.28256544,TRUE
2023-08-08,2863320760860,1279920,2237109.16374461,TRUE
2023-08-09,6361349766000,3282000,1938254.04204753,TRUE
2023-08-10,3377966846700,657200,5139937.38085819,TRUE
2023-08-14,6668084759920,3427120,1945681.72690772,TRUE
2023-08-15,1534836692800,962200,1595132.70920806,TRUE
2023-08-16,10382317425880,3706720,2800944.61569258,TRUE
2023-08-17,1439203623000,604600,2380422.79689051,TRUE
2023-08-20,23528245000,65000,361973,TRUE
2023-08-21,5093789064500,3832500,1329103.47410307,TRUE
2023-08-22,1886795045440,879520,2145255.41822812,TRUE
2023-08-23,5942095077300,3626000,1638746.57399338,TRUE
2023-08-24,806332838800,612200,1317106.89121202,TRUE
2023-08-28,3497371121300,3787000,923520.23271719,TRUE
2023-08-29,1495781754580,823520,1816327.17430056,TRUE
2023-08-30,6372915562740,3735520,1706031.70716259,TRUE
2023-08-31,862901783700,539200,1600337.13594214,TRUE
2023-09-04,5100754761600,3683500,1384757.63855029,TRUE
2023-09-05,1713050438880,1043220,1642079.75199862,TRUE
2023-09-06,7126334269300,2963700,2404539.6866417,TRUE
2023-09-07,2108689637100,644200,3273346.22337783,TRUE
2023-09-09,NA,6600,NA,FALSE
2023-09-11,NA,3037500,NA,FALSE
2023-09-12,1998620111620,879920,2271365.70554141,TRUE
2023-09-13,6761682574900,3624000,1865806.45002759,TRUE
2023-09-14,1593715769900,579200,2751581.09444061,TRUE
2023-09-15,665549712000,23000,28936944,TRUE
2023-09-18,6714031556000,3652500,1838201.65804244,TRUE
2023-09-19,NA,990900,NA,FALSE
2023-09-20,6563506549420,3643320,1801517.99716193,TRUE
2023-09-21,NA,612200,NA,FALSE
2023-09-22,626697840000,240000,2611241,TRUE
2023-09-25,6352497428400,3343000,1900238.53676339,TRUE
2023-09-26,2138917604720,815420,2623087.00389983,TRUE
2023-09-27,8531212066700,3883300,2196897.50127469,TRUE
2023-09-28,1299767983620,583220,2228606.67264497,TRUE
2023-10-02,10479205014000,3689500,2840277.8192167,TRUE
2023-10-03,1370354393800,857700,1597708.28238312,TRUE
2023-10-04,6536461701820,3675920,1778183.88371346,TRUE
2023-10-05,1951465719500,623800,3128351.58624559,TRUE
2023-10-09,NA,2568100,NA,FALSE
2023-10-10,1361108495440,962920,1413521.88701034,TRUE
2023-10-11,NA,2888700,NA,FALSE
2023-10-12,2675414705900,579200,4619155.22427486,TRUE
2023-10-13,1395003452000,23000,60652324,TRUE
2023-10-16,NA,3654500,NA,FALSE
2023-10-17,1887367241720,847520,2226929.44322258,TRUE
2023-10-18,NA,3713700,NA,FALSE
2023-10-19,3967096577300,602200,6587672.8284623,TRUE
